simulation_id,heater_type,combustion_heater_present,ach,safety_threshold_ach,safety_status,safety_reason
SIM_000001,flued_stove,False,4.39,0.35,SAFE,
SIM_000002,none,False,1.43,0.35,SAFE,
SIM_000003,flued_stove,False,1.27,0.35,SAFE,
SIM_000004,flued_stove,False,3.04,0.35,SAFE,
SIM_000005,flued_stove,False,2.29,0.35,SAFE,
SIM_000006,flued_stove,False,3.49,0.35,SAFE,
SIM_000007,flued_stove,False,2.96,0.35,SAFE,
SIM_000008,none,False,0.29,0.35,SAFE,
SIM_000009,electric,False,1.24,0.35,SAFE,
SIM_000010,none,False,2.26,0.35,SAFE,
SIM_000011,none,False,3.51,0.35,SAFE,
SIM_000012,none,False,2.22,0.35,SAFE,
SIM_000013,flued_stove,False,0.14,0.35,SAFE,
SIM_000014,flued_stove,False,4.09,0.35,SAFE,
SIM_000015,flued_stove,False,1.76,0.35,SAFE,
SIM_000016,electric,False,2.64,0.35,SAFE,
SIM_000017,electric,False,0.97,0.35,SAFE,
SIM_000018,electric,False,0.78,0.35,SAFE,
SIM_000019,none,False,3.85,0.35,SAFE,
SIM_000020,electric,False,3.9,0.35,SAFE,
SIM_000021,unflued_combustion,True,1.92,0.35,SAFE,
SIM_000022,flued_stove,False,3.85,0.35,SAFE,
SIM_000023,none,False,1.99,0.35,SAFE,
SIM_000024,unflued_combustion,True,4.34,0.35,SAFE,
SIM_000025,none,False,1.17,0.35,SAFE,
SIM_000026,unflued_combustion,True,2.35,0.35,SAFE,
SIM_000027,none,False,0.85,0.35,SAFE,
SIM_000028,flued_stove,False,1.15,0.35,SAFE,
SIM_000029,flued_stove,False,4.42,0.35,SAFE,
SIM_000030,flued_stove,False,2.43,0.35,SAFE,
SIM_000031,flued_stove,False,1.83,0.35,SAFE,
SIM_000032,none,False,1.97,0.35,SAFE,
SIM_000033,electric,False,1.39,0.35,SAFE,
SIM_000034,flued_stove,False,2.34,0.35,SAFE,
SIM_000035,none,False,0.68,0.35,SAFE,
SIM_000036,flued_stove,False,4.31,0.35,SAFE,
SIM_000037,flued_stove,False,4.29,0.35,SAFE,
SIM_000038,unflued_combustion,True,0.31,0.35,REFUSED,Ventilation 0.31 ACH is below the safe minimum (0.35 ACH) for an unflued combustion heater. Carbon monoxide asphyxiation risk. Increase ventilation to at least 0.35 ACH or specify a flued stove or electric heater.
SIM_000039,none,False,0.99,0.35,SAFE,
SIM_000040,flued_stove,False,0.5,0.35,SAFE,
SIM_000041,electric,False,2.5,0.35,SAFE,
SIM_000042,none,False,3.88,0.35,SAFE,
SIM_000043,none,False,0.94,0.35,SAFE,
SIM_000044,electric,False,1.35,0.35,SAFE,
SIM_000045,none,False,2.35,0.35,SAFE,
SIM_000046,unflued_combustion,True,3.34,0.35,SAFE,
SIM_000047,electric,False,2.45,0.35,SAFE,
SIM_000048,unflued_combustion,True,0.58,0.35,SAFE,
SIM_000049,none,False,2.73,0.35,SAFE,
SIM_000050,flued_stove,False,2.86,0.35,SAFE,
SIM_000051,electric,False,0.89,0.35,SAFE,
SIM_000052,none,False,2.76,0.35,SAFE,
SIM_000053,unflued_combustion,True,0.27,0.35,REFUSED,Ventilation 0.27 ACH is below the safe minimum (0.35 ACH) for an unflued combustion heater. Carbon monoxide asphyxiation risk. Increase ventilation to at least 0.35 ACH or specify a flued stove or electric heater.
SIM_000054,unflued_combustion,True,0.17,0.35,REFUSED,Ventilation 0.17 ACH is below the safe minimum (0.35 ACH) for an unflued combustion heater. Carbon monoxide asphyxiation risk. Increase ventilation to at least 0.35 ACH or specify a flued stove or electric heater.
SIM_000055,none,False,2.04,0.35,SAFE,
SIM_000056,electric,False,1.59,0.35,SAFE,
SIM_000057,unflued_combustion,True,0.65,0.35,SAFE,
SIM_000058,flued_stove,False,4.24,0.35,SAFE,
SIM_000059,electric,False,4.27,0.35,SAFE,
SIM_000060,flued_stove,False,3.38,0.35,SAFE,
SIM_000061,none,False,2.52,0.35,SAFE,
SIM_000062,flued_stove,False,3.03,0.35,SAFE,
SIM_000063,electric,False,2.83,0.35,SAFE,
SIM_000064,electric,False,4.47,0.35,SAFE,
SIM_000065,unflued_combustion,True,3.89,0.35,SAFE,
SIM_000066,none,False,2.91,0.35,SAFE,
SIM_000067,unflued_combustion,True,3.57,0.35,SAFE,
SIM_000068,flued_stove,False,2.86,0.35,SAFE,
SIM_000069,electric,False,1.74,0.35,SAFE,
SIM_000070,electric,False,2.73,0.35,SAFE,
SIM_000071,none,False,0.33,0.35,SAFE,
SIM_000072,none,False,1.13,0.35,SAFE,
SIM_000073,unflued_combustion,True,2.03,0.35,SAFE,
SIM_000074,flued_stove,False,4.1,0.35,SAFE,
SIM_000075,unflued_combustion,True,1.88,0.35,SAFE,
SIM_000076,flued_stove,False,3.36,0.35,SAFE,
SIM_000077,flued_stove,False,0.94,0.35,SAFE,
SIM_000078,none,False,4.18,0.35,SAFE,
SIM_000079,unflued_combustion,True,1.13,0.35,SAFE,
SIM_000080,electric,False,3.51,0.35,SAFE,
SIM_000081,flued_stove,False,3.84,0.35,SAFE,
SIM_000082,flued_stove,False,4.43,0.35,SAFE,
SIM_000083,electric,False,1.19,0.35,SAFE,
SIM_000084,electric,False,0.76,0.35,SAFE,
SIM_000085,electric,False,1.01,0.35,SAFE,
SIM_000086,none,False,1.79,0.35,SAFE,
SIM_000087,none,False,3.08,0.35,SAFE,
SIM_000088,none,False,1.12,0.35,SAFE,
SIM_000089,flued_stove,False,1.68,0.35,SAFE,
SIM_000090,electric,False,4.27,0.35,SAFE,
SIM_000091,unflued_combustion,True,1.88,0.35,SAFE,
SIM_000092,flued_stove,False,1.71,0.35,SAFE,
SIM_000093,unflued_combustion,True,0.59,0.35,SAFE,
SIM_000094,unflued_combustion,True,2.83,0.35,SAFE,
SIM_000095,unflued_combustion,True,3.84,0.35,SAFE,
SIM_000096,electric,False,0.11,0.35,SAFE,
SIM_000097,none,False,2.15,0.35,SAFE,
SIM_000098,none,False,2.36,0.35,SAFE,
SIM_000099,unflued_combustion,True,1.67,0.35,SAFE,
SIM_000100,electric,False,3.84,0.35,SAFE,
SIM_000101,unflued_combustion,True,2.15,0.35,SAFE,
SIM_000102,none,False,2.12,0.35,SAFE,
SIM_000103,none,False,3.28,0.35,SAFE,
SIM_000104,flued_stove,False,2.8,0.35,SAFE,
SIM_000105,electric,False,2.03,0.35,SAFE,
SIM_000106,unflued_combustion,True,0.21,0.35,REFUSED,Ventilation 0.21 ACH is below the safe minimum (0.35 ACH) for an unflued combustion heater. Carbon monoxide asphyxiation risk. Increase ventilation to at least 0.35 ACH or specify a flued stove or electric heater.
SIM_000107,electric,False,0.43,0.35,SAFE,
SIM_000108,unflued_combustion,True,1.61,0.35,SAFE,
SIM_000109,none,False,3.17,0.35,SAFE,
SIM_000110,electric,False,1.73,0.35,SAFE,
SIM_000111,electric,False,0.37,0.35,SAFE,
SIM_000112,none,False,3.81,0.35,SAFE,
SIM_000113,flued_stove,False,1.52,0.35,SAFE,
SIM_000114,flued_stove,False,3.97,0.35,SAFE,
SIM_000115,flued_stove,False,1.23,0.35,SAFE,
SIM_000116,electric,False,4.21,0.35,SAFE,
SIM_000117,flued_stove,False,1.51,0.35,SAFE,
SIM_000118,electric,False,4.38,0.35,SAFE,
SIM_000119,electric,False,1.16,0.35,SAFE,
SIM_000120,flued_stove,False,1.62,0.35,SAFE,
SIM_000121,flued_stove,False,2.49,0.35,SAFE,
SIM_000122,unflued_combustion,True,3.43,0.35,SAFE,
SIM_000123,electric,False,0.41,0.35,SAFE,
SIM_000124,none,False,2.09,0.35,SAFE,
SIM_000125,unflued_combustion,True,2.47,0.35,SAFE,
SIM_000126,electric,False,2.17,0.35,SAFE,
SIM_000127,flued_stove,False,1.58,0.35,SAFE,
SIM_000128,flued_stove,False,3.64,0.35,SAFE,
SIM_000129,electric,False,1.3,0.35,SAFE,
SIM_000130,none,False,0.21,0.35,SAFE,
SIM_000131,electric,False,0.94,0.35,SAFE,
SIM_000132,none,False,0.37,0.35,SAFE,
SIM_000133,none,False,3.46,0.35,SAFE,
SIM_000134,electric,False,4.23,0.35,SAFE,
SIM_000135,unflued_combustion,True,4.14,0.35,SAFE,
SIM_000136,electric,False,2.92,0.35,SAFE,
SIM_000137,none,False,4.43,0.35,SAFE,
SIM_000138,none,False,1.04,0.35,SAFE,
SIM_000139,flued_stove,False,3.84,0.35,SAFE,
SIM_000140,unflued_combustion,True,3.92,0.35,SAFE,
SIM_000141,unflued_combustion,True,0.85,0.35,SAFE,
SIM_000142,electric,False,1.29,0.35,SAFE,
SIM_000143,unflued_combustion,True,0.53,0.35,SAFE,
SIM_000144,flued_stove,False,3.27,0.35,SAFE,
SIM_000145,electric,False,4.46,0.35,SAFE,
SIM_000146,flued_stove,False,2.51,0.35,SAFE,
SIM_000147,unflued_combustion,True,0.43,0.35,SAFE,
SIM_000148,unflued_combustion,True,3.0,0.35,SAFE,
SIM_000149,flued_stove,False,1.94,0.35,SAFE,
SIM_000150,flued_stove,False,0.39,0.35,SAFE,
SIM_000151,electric,False,1.99,0.35,SAFE,
SIM_000152,none,False,4.08,0.35,SAFE,
SIM_000153,unflued_combustion,True,2.17,0.35,SAFE,
SIM_000154,electric,False,2.3,0.35,SAFE,
SIM_000155,none,False,3.99,0.35,SAFE,
SIM_000156,electric,False,3.56,0.35,SAFE,
SIM_000157,electric,False,2.55,0.35,SAFE,
SIM_000158,electric,False,1.29,0.35,SAFE,
SIM_000159,flued_stove,False,1.44,0.35,SAFE,
SIM_000160,electric,False,3.58,0.35,SAFE,
SIM_000161,electric,False,1.94,0.35,SAFE,
SIM_000162,unflued_combustion,True,2.06,0.35,SAFE,
SIM_000163,none,False,3.23,0.35,SAFE,
SIM_000164,electric,False,0.44,0.35,SAFE,
SIM_000165,flued_stove,False,1.86,0.35,SAFE,
SIM_000166,none,False,1.22,0.35,SAFE,
SIM_000167,flued_stove,False,3.97,0.35,SAFE,
SIM_000168,electric,False,0.27,0.35,SAFE,
SIM_000169,flued_stove,False,2.02,0.35,SAFE,
SIM_000170,electric,False,1.09,0.35,SAFE,
SIM_000171,flued_stove,False,2.82,0.35,SAFE,
SIM_000172,flued_stove,False,2.76,0.35,SAFE,
SIM_000173,unflued_combustion,True,1.98,0.35,SAFE,
SIM_000174,flued_stove,False,2.58,0.35,SAFE,
SIM_000175,unflued_combustion,True,2.44,0.35,SAFE,
SIM_000176,electric,False,4.19,0.35,SAFE,
SIM_000177,flued_stove,False,3.77,0.35,SAFE,
SIM_000178,flued_stove,False,1.2,0.35,SAFE,
SIM_000179,flued_stove,False,3.61,0.35,SAFE,
SIM_000180,electric,False,1.24,0.35,SAFE,
SIM_000181,flued_stove,False,2.87,0.35,SAFE,
SIM_000182,flued_stove,False,2.86,0.35,SAFE,
SIM_000183,electric,False,0.55,0.35,SAFE,
SIM_000184,electric,False,1.95,0.35,SAFE,
SIM_000185,flued_stove,False,0.15,0.35,SAFE,
SIM_000186,none,False,3.4,0.35,SAFE,
SIM_000187,flued_stove,False,1.04,0.35,SAFE,
SIM_000188,none,False,4.25,0.35,SAFE,
SIM_000189,flued_stove,False,3.95,0.35,SAFE,
SIM_000190,unflued_combustion,True,0.47,0.35,SAFE,
SIM_000191,none,False,3.81,0.35,SAFE,
SIM_000192,unflued_combustion,True,1.3,0.35,SAFE,
SIM_000193,flued_stove,False,2.74,0.35,SAFE,
SIM_000194,electric,False,0.88,0.35,SAFE,
SIM_000195,unflued_combustion,True,0.35,0.35,SAFE,
SIM_000196,electric,False,3.46,0.35,SAFE,
SIM_000197,unflued_combustion,True,3.25,0.35,SAFE,
SIM_000198,electric,False,1.4,0.35,SAFE,
SIM_000199,none,False,1.76,0.35,SAFE,
SIM_000200,none,False,1.2,0.35,SAFE,
SIM_000201,flued_stove,False,2.72,0.35,SAFE,
SIM_000202,none,False,0.39,0.35,SAFE,
SIM_000203,none,False,1.82,0.35,SAFE,
SIM_000204,electric,False,2.54,0.35,SAFE,
SIM_000205,flued_stove,False,4.17,0.35,SAFE,
SIM_000206,unflued_combustion,True,0.12,0.35,REFUSED,Ventilation 0.12 ACH is below the safe minimum (0.35 ACH) for an unflued combustion heater. Carbon monoxide asphyxiation risk. Increase ventilation to at least 0.35 ACH or specify a flued stove or electric heater.
SIM_000207,flued_stove,False,2.54,0.35,SAFE,
SIM_000208,electric,False,3.13,0.35,SAFE,
SIM_000209,flued_stove,False,4.08,0.35,SAFE,
SIM_000210,electric,False,2.44,0.35,SAFE,
SIM_000211,flued_stove,False,2.16,0.35,SAFE,
SIM_000212,unflued_combustion,True,3.99,0.35,SAFE,
SIM_000213,flued_stove,False,3.2,0.35,SAFE,
SIM_000214,unflued_combustion,True,3.4,0.35,SAFE,
SIM_000215,unflued_combustion,True,4.01,0.35,SAFE,
SIM_000216,electric,False,1.96,0.35,SAFE,
SIM_000217,unflued_combustion,True,0.47,0.35,SAFE,
SIM_000218,flued_stove,False,2.67,0.35,SAFE,
SIM_000219,none,False,2.78,0.35,SAFE,
SIM_000220,electric,False,3.72,0.35,SAFE,
SIM_000221,flued_stove,False,4.4,0.35,SAFE,
SIM_000222,electric,False,3.62,0.35,SAFE,
SIM_000223,electric,False,1.39,0.35,SAFE,
SIM_000224,none,False,1.89,0.35,SAFE,
SIM_000225,flued_stove,False,0.93,0.35,SAFE,
SIM_000226,none,False,4.4,0.35,SAFE,
SIM_000227,electric,False,1.63,0.35,SAFE,
SIM_000228,unflued_combustion,True,4.44,0.35,SAFE,
SIM_000229,none,False,1.69,0.35,SAFE,
SIM_000230,flued_stove,False,0.7,0.35,SAFE,
SIM_000231,unflued_combustion,True,3.49,0.35,SAFE,
SIM_000232,flued_stove,False,1.6,0.35,SAFE,
SIM_000233,flued_stove,False,2.58,0.35,SAFE,
SIM_000234,none,False,1.26,0.35,SAFE,
SIM_000235,none,False,0.85,0.35,SAFE,
SIM_000236,none,False,2.35,0.35,SAFE,
SIM_000237,none,False,1.3,0.35,SAFE,
SIM_000238,flued_stove,False,1.5,0.35,SAFE,
SIM_000239,unflued_combustion,True,0.86,0.35,SAFE,
SIM_000240,none,False,3.75,0.35,SAFE,
SIM_000241,electric,False,1.75,0.35,SAFE,
SIM_000242,unflued_combustion,True,3.36,0.35,SAFE,
SIM_000243,unflued_combustion,True,3.89,0.35,SAFE,
SIM_000244,unflued_combustion,True,4.42,0.35,SAFE,
SIM_000245,none,False,2.59,0.35,SAFE,
SIM_000246,unflued_combustion,True,4.4,0.35,SAFE,
SIM_000247,unflued_combustion,True,4.08,0.35,SAFE,
SIM_000248,electric,False,2.5,0.35,SAFE,
SIM_000249,unflued_combustion,True,3.61,0.35,SAFE,
SIM_000250,electric,False,1.21,0.35,SAFE,
SIM_000251,electric,False,0.62,0.35,SAFE,
SIM_000252,unflued_combustion,True,3.89,0.35,SAFE,
SIM_000253,unflued_combustion,True,0.38,0.35,SAFE,
SIM_000254,electric,False,0.95,0.35,SAFE,
SIM_000255,none,False,0.94,0.35,SAFE,
SIM_000256,none,False,3.71,0.35,SAFE,
SIM_000257,unflued_combustion,True,0.34,0.35,REFUSED,Ventilation 0.34 ACH is below the safe minimum (0.35 ACH) for an unflued combustion heater. Carbon monoxide asphyxiation risk. Increase ventilation to at least 0.35 ACH or specify a flued stove or electric heater.
SIM_000258,none,False,0.76,0.35,SAFE,
SIM_000259,none,False,2.21,0.35,SAFE,
SIM_000260,electric,False,2.64,0.35,SAFE,
SIM_000261,electric,False,4.24,0.35,SAFE,
SIM_000262,none,False,1.85,0.35,SAFE,
SIM_000263,none,False,2.75,0.35,SAFE,
SIM_000264,unflued_combustion,True,0.33,0.35,REFUSED,Ventilation 0.33 ACH is below the safe minimum (0.35 ACH) for an unflued combustion heater. Carbon monoxide asphyxiation risk. Increase ventilation to at least 0.35 ACH or specify a flued stove or electric heater.
SIM_000265,electric,False,3.03,0.35,SAFE,
SIM_000266,none,False,3.69,0.35,SAFE,
SIM_000267,unflued_combustion,True,2.86,0.35,SAFE,
SIM_000268,unflued_combustion,True,1.64,0.35,SAFE,
SIM_000269,none,False,3.55,0.35,SAFE,
SIM_000270,none,False,1.69,0.35,SAFE,
SIM_000271,flued_stove,False,4.37,0.35,SAFE,
SIM_000272,electric,False,3.65,0.35,SAFE,
SIM_000273,none,False,1.91,0.35,SAFE,
SIM_000274,unflued_combustion,True,3.4,0.35,SAFE,
SIM_000275,unflued_combustion,True,1.95,0.35,SAFE,
SIM_000276,none,False,0.63,0.35,SAFE,
SIM_000277,none,False,0.87,0.35,SAFE,
SIM_000278,none,False,3.09,0.35,SAFE,
SIM_000279,unflued_combustion,True,1.03,0.35,SAFE,
SIM_000280,unflued_combustion,True,0.9,0.35,SAFE,
SIM_000281,flued_stove,False,2.18,0.35,SAFE,
SIM_000282,electric,False,3.45,0.35,SAFE,
SIM_000283,none,False,1.28,0.35,SAFE,
SIM_000284,unflued_combustion,True,3.05,0.35,SAFE,
SIM_000285,flued_stove,False,3.34,0.35,SAFE,
SIM_000286,unflued_combustion,True,3.8,0.35,SAFE,
SIM_000287,flued_stove,False,1.99,0.35,SAFE,
SIM_000288,flued_stove,False,3.56,0.35,SAFE,
SIM_000289,flued_stove,False,2.89,0.35,SAFE,
SIM_000290,electric,False,2.29,0.35,SAFE,
SIM_000291,flued_stove,False,1.55,0.35,SAFE,
SIM_000292,unflued_combustion,True,4.03,0.35,SAFE,
SIM_000293,electric,False,2.24,0.35,SAFE,
SIM_000294,flued_stove,False,3.29,0.35,SAFE,
SIM_000295,unflued_combustion,True,4.15,0.35,SAFE,
SIM_000296,unflued_combustion,True,1.27,0.35,SAFE,
SIM_000297,none,False,0.75,0.35,SAFE,
SIM_000298,flued_stove,False,3.29,0.35,SAFE,
SIM_000299,electric,False,4.04,0.35,SAFE,
SIM_000300,electric,False,2.25,0.35,SAFE,
SIM_000301,unflued_combustion,True,1.11,0.35,SAFE,
SIM_000302,unflued_combustion,True,3.93,0.35,SAFE,
SIM_000303,none,False,3.15,0.35,SAFE,
SIM_000304,electric,False,0.35,0.35,SAFE,
SIM_000305,flued_stove,False,0.31,0.35,SAFE,
SIM_000306,electric,False,0.69,0.35,SAFE,
SIM_000307,none,False,1.15,0.35,SAFE,
SIM_000308,unflued_combustion,True,0.92,0.35,SAFE,
SIM_000309,flued_stove,False,1.05,0.35,SAFE,
SIM_000310,none,False,1.8,0.35,SAFE,
SIM_000311,unflued_combustion,True,2.39,0.35,SAFE,
SIM_000312,unflued_combustion,True,1.69,0.35,SAFE,
SIM_000313,none,False,0.16,0.35,SAFE,
SIM_000314,unflued_combustion,True,0.57,0.35,SAFE,
SIM_000315,none,False,0.75,0.35,SAFE,
SIM_000316,none,False,3.19,0.35,SAFE,
SIM_000317,flued_stove,False,3.86,0.35,SAFE,
SIM_000318,none,False,3.86,0.35,SAFE,
SIM_000319,unflued_combustion,True,4.31,0.35,SAFE,
SIM_000320,electric,False,2.69,0.35,SAFE,
SIM_000321,unflued_combustion,True,2.3,0.35,SAFE,
SIM_000322,none,False,0.33,0.35,SAFE,
SIM_000323,electric,False,2.84,0.35,SAFE,
SIM_000324,unflued_combustion,True,4.19,0.35,SAFE,
SIM_000325,unflued_combustion,True,1.12,0.35,SAFE,
SIM_000326,flued_stove,False,2.42,0.35,SAFE,
SIM_000327,flued_stove,False,0.4,0.35,SAFE,
SIM_000328,unflued_combustion,True,2.77,0.35,SAFE,
SIM_000329,none,False,1.33,0.35,SAFE,
SIM_000330,none,False,0.39,0.35,SAFE,
SIM_000331,unflued_combustion,True,3.88,0.35,SAFE,
SIM_000332,unflued_combustion,True,1.61,0.35,SAFE,
SIM_000333,electric,False,3.82,0.35,SAFE,
SIM_000334,flued_stove,False,0.97,0.35,SAFE,
SIM_000335,electric,False,3.24,0.35,SAFE,
SIM_000336,flued_stove,False,2.98,0.35,SAFE,
SIM_000337,unflued_combustion,True,0.37,0.35,SAFE,
SIM_000338,none,False,2.11,0.35,SAFE,
SIM_000339,flued_stove,False,1.52,0.35,SAFE,
SIM_000340,flued_stove,False,1.4,0.35,SAFE,
SIM_000341,flued_stove,False,2.85,0.35,SAFE,
SIM_000342,electric,False,2.79,0.35,SAFE,
SIM_000343,flued_stove,False,4.35,0.35,SAFE,
SIM_000344,unflued_combustion,True,2.02,0.35,SAFE,
SIM_000345,unflued_combustion,True,4.27,0.35,SAFE,
SIM_000346,unflued_combustion,True,3.98,0.35,SAFE,
SIM_000347,none,False,3.84,0.35,SAFE,
SIM_000348,electric,False,1.32,0.35,SAFE,
SIM_000349,electric,False,3.08,0.35,SAFE,
SIM_000350,none,False,1.57,0.35,SAFE,
SIM_000351,none,False,1.63,0.35,SAFE,
SIM_000352,unflued_combustion,True,4.08,0.35,SAFE,
SIM_000353,none,False,0.2,0.35,SAFE,
SIM_000354,unflued_combustion,True,3.88,0.35,SAFE,
SIM_000355,flued_stove,False,0.33,0.35,SAFE,
SIM_000356,none,False,0.62,0.35,SAFE,
SIM_000357,electric,False,3.58,0.35,SAFE,
SIM_000358,electric,False,0.2,0.35,SAFE,
SIM_000359,electric,False,0.36,0.35,SAFE,
SIM_000360,electric,False,3.57,0.35,SAFE,
SIM_000361,electric,False,2.45,0.35,SAFE,
SIM_000362,unflued_combustion,True,2.8,0.35,SAFE,
SIM_000363,electric,False,2.74,0.35,SAFE,
SIM_000364,electric,False,3.18,0.35,SAFE,
SIM_000365,unflued_combustion,True,0.15,0.35,REFUSED,Ventilation 0.15 ACH is below the safe minimum (0.35 ACH) for an unflued combustion heater. Carbon monoxide asphyxiation risk. Increase ventilation to at least 0.35 ACH or specify a flued stove or electric heater.
SIM_000366,none,False,3.12,0.35,SAFE,
SIM_000367,unflued_combustion,True,3.22,0.35,SAFE,
SIM_000368,none,False,0.91,0.35,SAFE,
SIM_000369,flued_stove,False,2.37,0.35,SAFE,
SIM_000370,none,False,4.09,0.35,SAFE,
SIM_000371,none,False,1.95,0.35,SAFE,
SIM_000372,unflued_combustion,True,2.08,0.35,SAFE,
SIM_000373,flued_stove,False,0.41,0.35,SAFE,
SIM_000374,electric,False,2.25,0.35,SAFE,
SIM_000375,unflued_combustion,True,1.0,0.35,SAFE,
SIM_000376,flued_stove,False,3.53,0.35,SAFE,
SIM_000377,unflued_combustion,True,4.15,0.35,SAFE,
SIM_000378,unflued_combustion,True,1.78,0.35,SAFE,
SIM_000379,electric,False,2.65,0.35,SAFE,
SIM_000380,none,False,1.28,0.35,SAFE,
SIM_000381,flued_stove,False,4.07,0.35,SAFE,
SIM_000382,electric,False,1.99,0.35,SAFE,
SIM_000383,flued_stove,False,2.32,0.35,SAFE,
SIM_000384,unflued_combustion,True,2.73,0.35,SAFE,
SIM_000385,flued_stove,False,2.04,0.35,SAFE,
SIM_000386,flued_stove,False,1.92,0.35,SAFE,
SIM_000387,unflued_combustion,True,1.61,0.35,SAFE,
SIM_000388,unflued_combustion,True,1.31,0.35,SAFE,
SIM_000389,electric,False,4.29,0.35,SAFE,
SIM_000390,flued_stove,False,2.12,0.35,SAFE,
SIM_000391,flued_stove,False,0.24,0.35,SAFE,
SIM_000392,flued_stove,False,1.21,0.35,SAFE,
SIM_000393,electric,False,4.43,0.35,SAFE,
SIM_000394,flued_stove,False,4.25,0.35,SAFE,
SIM_000395,unflued_combustion,True,3.78,0.35,SAFE,
SIM_000396,flued_stove,False,2.83,0.35,SAFE,
SIM_000397,flued_stove,False,0.64,0.35,SAFE,
SIM_000398,flued_stove,False,3.12,0.35,SAFE,
SIM_000399,none,False,0.96,0.35,SAFE,
SIM_000400,flued_stove,False,0.37,0.35,SAFE,
SIM_000401,unflued_combustion,True,0.84,0.35,SAFE,
SIM_000402,unflued_combustion,True,3.64,0.35,SAFE,
SIM_000403,unflued_combustion,True,2.93,0.35,SAFE,
SIM_000404,none,False,3.15,0.35,SAFE,
SIM_000405,flued_stove,False,1.46,0.35,SAFE,
SIM_000406,flued_stove,False,2.83,0.35,SAFE,
SIM_000407,electric,False,0.54,0.35,SAFE,
SIM_000408,none,False,3.88,0.35,SAFE,
SIM_000409,electric,False,0.28,0.35,SAFE,
SIM_000410,unflued_combustion,True,0.28,0.35,REFUSED,Ventilation 0.28 ACH is below the safe minimum (0.35 ACH) for an unflued combustion heater. Carbon monoxide asphyxiation risk. Increase ventilation to at least 0.35 ACH or specify a flued stove or electric heater.
SIM_000411,none,False,2.54,0.35,SAFE,
SIM_000412,flued_stove,False,0.38,0.35,SAFE,
SIM_000413,unflued_combustion,True,2.53,0.35,SAFE,
SIM_000414,unflued_combustion,True,0.8,0.35,SAFE,
SIM_000415,none,False,0.34,0.35,SAFE,
SIM_000416,unflued_combustion,True,4.07,0.35,SAFE,
SIM_000417,unflued_combustion,True,2.89,0.35,SAFE,
SIM_000418,electric,False,1.19,0.35,SAFE,
SIM_000419,unflued_combustion,True,2.17,0.35,SAFE,
SIM_000420,unflued_combustion,True,0.53,0.35,SAFE,
SIM_000421,none,False,1.32,0.35,SAFE,
SIM_000422,none,False,1.66,0.35,SAFE,
SIM_000423,electric,False,1.55,0.35,SAFE,
SIM_000424,electric,False,1.29,0.35,SAFE,
SIM_000425,electric,False,2.58,0.35,SAFE,
SIM_000426,electric,False,0.76,0.35,SAFE,
SIM_000427,none,False,0.48,0.35,SAFE,
SIM_000428,electric,False,4.29,0.35,SAFE,
SIM_000429,flued_stove,False,3.78,0.35,SAFE,
SIM_000430,electric,False,0.28,0.35,SAFE,
SIM_000431,none,False,2.81,0.35,SAFE,
SIM_000432,none,False,3.77,0.35,SAFE,
SIM_000433,electric,False,0.8,0.35,SAFE,
SIM_000434,none,False,3.63,0.35,SAFE,
SIM_000435,electric,False,1.12,0.35,SAFE,
SIM_000436,none,False,3.02,0.35,SAFE,
SIM_000437,unflued_combustion,True,1.19,0.35,SAFE,
SIM_000438,none,False,2.68,0.35,SAFE,
SIM_000439,unflued_combustion,True,1.8,0.35,SAFE,
SIM_000440,unflued_combustion,True,3.34,0.35,SAFE,
SIM_000441,electric,False,1.97,0.35,SAFE,
SIM_000442,electric,False,2.28,0.35,SAFE,
SIM_000443,electric,False,4.08,0.35,SAFE,
SIM_000444,electric,False,3.44,0.35,SAFE,
SIM_000445,unflued_combustion,True,2.56,0.35,SAFE,
SIM_000446,unflued_combustion,True,2.49,0.35,SAFE,
SIM_000447,electric,False,0.1,0.35,SAFE,
SIM_000448,flued_stove,False,3.52,0.35,SAFE,
SIM_000449,electric,False,3.25,0.35,SAFE,
SIM_000450,flued_stove,False,3.54,0.35,SAFE,
SIM_000451,none,False,0.31,0.35,SAFE,
SIM_000452,none,False,0.72,0.35,SAFE,
SIM_000453,electric,False,1.82,0.35,SAFE,
SIM_000454,flued_stove,False,1.06,0.35,SAFE,
SIM_000455,electric,False,0.8,0.35,SAFE,
SIM_000456,unflued_combustion,True,2.76,0.35,SAFE,
SIM_000457,none,False,1.64,0.35,SAFE,
SIM_000458,flued_stove,False,0.56,0.35,SAFE,
SIM_000459,none,False,0.76,0.35,SAFE,
SIM_000460,electric,False,4.19,0.35,SAFE,
SIM_000461,electric,False,0.3,0.35,SAFE,
SIM_000462,none,False,2.15,0.35,SAFE,
SIM_000463,flued_stove,False,2.76,0.35,SAFE,
SIM_000464,electric,False,2.76,0.35,SAFE,
SIM_000465,electric,False,4.19,0.35,SAFE,
SIM_000466,flued_stove,False,4.17,0.35,SAFE,
SIM_000467,flued_stove,False,1.67,0.35,SAFE,
SIM_000468,flued_stove,False,1.41,0.35,SAFE,
SIM_000469,flued_stove,False,3.73,0.35,SAFE,
SIM_000470,unflued_combustion,True,2.56,0.35,SAFE,
SIM_000471,electric,False,4.13,0.35,SAFE,
SIM_000472,none,False,2.5,0.35,SAFE,
SIM_000473,unflued_combustion,True,2.46,0.35,SAFE,
SIM_000474,electric,False,0.34,0.35,SAFE,
SIM_000475,unflued_combustion,True,1.69,0.35,SAFE,
SIM_000476,electric,False,4.38,0.35,SAFE,
SIM_000477,unflued_combustion,True,0.94,0.35,SAFE,
SIM_000478,electric,False,3.08,0.35,SAFE,
SIM_000479,flued_stove,False,0.64,0.35,SAFE,
SIM_000480,unflued_combustion,True,3.99,0.35,SAFE,
SIM_000481,none,False,3.12,0.35,SAFE,
SIM_000482,electric,False,2.11,0.35,SAFE,
SIM_000483,unflued_combustion,True,3.11,0.35,SAFE,
SIM_000484,unflued_combustion,True,0.81,0.35,SAFE,
SIM_000485,electric,False,3.34,0.35,SAFE,
SIM_000486,electric,False,2.77,0.35,SAFE,
SIM_000487,electric,False,2.34,0.35,SAFE,
SIM_000488,electric,False,0.31,0.35,SAFE,
SIM_000489,unflued_combustion,True,2.57,0.35,SAFE,
SIM_000490,electric,False,4.32,0.35,SAFE,
SIM_000491,unflued_combustion,True,1.95,0.35,SAFE,
SIM_000492,none,False,0.69,0.35,SAFE,
SIM_000493,none,False,3.8,0.35,SAFE,
SIM_000494,unflued_combustion,True,4.3,0.35,SAFE,
SIM_000495,none,False,0.5,0.35,SAFE,
SIM_000496,flued_stove,False,1.23,0.35,SAFE,
SIM_000497,flued_stove,False,1.11,0.35,SAFE,
SIM_000498,unflued_combustion,True,2.71,0.35,SAFE,
SIM_000499,none,False,1.68,0.35,SAFE,
SIM_000500,unflued_combustion,True,2.04,0.35,SAFE,
SIM_000501,none,False,0.18,0.35,SAFE,
SIM_000502,flued_stove,False,2.01,0.35,SAFE,
SIM_000503,none,False,3.27,0.35,SAFE,
SIM_000504,unflued_combustion,True,3.32,0.35,SAFE,
SIM_000505,flued_stove,False,4.11,0.35,SAFE,
SIM_000506,electric,False,1.04,0.35,SAFE,
SIM_000507,flued_stove,False,0.84,0.35,SAFE,
SIM_000508,none,False,3.14,0.35,SAFE,
SIM_000509,none,False,2.67,0.35,SAFE,
SIM_000510,unflued_combustion,True,3.95,0.35,SAFE,
SIM_000511,flued_stove,False,3.28,0.35,SAFE,
SIM_000512,none,False,4.27,0.35,SAFE,
SIM_000513,unflued_combustion,True,3.14,0.35,SAFE,
SIM_000514,electric,False,3.49,0.35,SAFE,
SIM_000515,none,False,2.34,0.35,SAFE,
SIM_000516,flued_stove,False,4.45,0.35,SAFE,
SIM_000517,unflued_combustion,True,0.98,0.35,SAFE,
SIM_000518,electric,False,2.88,0.35,SAFE,
SIM_000519,unflued_combustion,True,2.57,0.35,SAFE,
SIM_000520,flued_stove,False,0.12,0.35,SAFE,
SIM_000521,unflued_combustion,True,2.45,0.35,SAFE,
SIM_000522,flued_stove,False,3.06,0.35,SAFE,
SIM_000523,none,False,2.48,0.35,SAFE,
SIM_000524,none,False,3.11,0.35,SAFE,
SIM_000525,flued_stove,False,0.82,0.35,SAFE,
SIM_000526,electric,False,1.77,0.35,SAFE,
SIM_000527,none,False,0.35,0.35,SAFE,
SIM_000528,none,False,0.22,0.35,SAFE,
SIM_000529,none,False,4.1,0.35,SAFE,
SIM_000530,unflued_combustion,True,1.41,0.35,SAFE,
SIM_000531,flued_stove,False,3.86,0.35,SAFE,
SIM_000532,electric,False,1.58,0.35,SAFE,
SIM_000533,flued_stove,False,3.37,0.35,SAFE,
SIM_000534,none,False,3.2,0.35,SAFE,
SIM_000535,flued_stove,False,4.17,0.35,SAFE,
SIM_000536,electric,False,3.01,0.35,SAFE,
SIM_000537,flued_stove,False,2.6,0.35,SAFE,
SIM_000538,none,False,2.03,0.35,SAFE,
SIM_000539,unflued_combustion,True,1.44,0.35,SAFE,
SIM_000540,electric,False,2.0,0.35,SAFE,
SIM_000541,electric,False,3.54,0.35,SAFE,
SIM_000542,none,False,4.09,0.35,SAFE,
SIM_000543,flued_stove,False,4.16,0.35,SAFE,
SIM_000544,electric,False,1.94,0.35,SAFE,
SIM_000545,unflued_combustion,True,3.61,0.35,SAFE,
SIM_000546,flued_stove,False,3.93,0.35,SAFE,
SIM_000547,unflued_combustion,True,2.4,0.35,SAFE,
SIM_000548,unflued_combustion,True,4.3,0.35,SAFE,
SIM_000549,none,False,3.08,0.35,SAFE,
SIM_000550,unflued_combustion,True,0.11,0.35,REFUSED,Ventilation 0.11 ACH is below the safe minimum (0.35 ACH) for an unflued combustion heater. Carbon monoxide asphyxiation risk. Increase ventilation to at least 0.35 ACH or specify a flued stove or electric heater.
SIM_000551,flued_stove,False,1.18,0.35,SAFE,
SIM_000552,unflued_combustion,True,1.18,0.35,SAFE,
SIM_000553,none,False,1.03,0.35,SAFE,
SIM_000554,unflued_combustion,True,3.32,0.35,SAFE,
SIM_000555,flued_stove,False,3.52,0.35,SAFE,
SIM_000556,electric,False,2.05,0.35,SAFE,
SIM_000557,none,False,0.39,0.35,SAFE,
SIM_000558,unflued_combustion,True,3.41,0.35,SAFE,
SIM_000559,none,False,3.31,0.35,SAFE,
SIM_000560,electric,False,2.42,0.35,SAFE,
SIM_000561,none,False,0.33,0.35,SAFE,
SIM_000562,flued_stove,False,1.78,0.35,SAFE,
SIM_000563,unflued_combustion,True,3.59,0.35,SAFE,
SIM_000564,electric,False,1.36,0.35,SAFE,
SIM_000565,unflued_combustion,True,4.42,0.35,SAFE,
SIM_000566,unflued_combustion,True,1.76,0.35,SAFE,
SIM_000567,flued_stove,False,1.14,0.35,SAFE,
SIM_000568,electric,False,1.02,0.35,SAFE,
SIM_000569,none,False,3.66,0.35,SAFE,
SIM_000570,none,False,3.78,0.35,SAFE,
SIM_000571,none,False,1.42,0.35,SAFE,
SIM_000572,electric,False,0.36,0.35,SAFE,
SIM_000573,none,False,2.27,0.35,SAFE,
SIM_000574,flued_stove,False,4.08,0.35,SAFE,
SIM_000575,electric,False,1.58,0.35,SAFE,
SIM_000576,unflued_combustion,True,1.59,0.35,SAFE,
SIM_000577,flued_stove,False,2.86,0.35,SAFE,
SIM_000578,flued_stove,False,3.63,0.35,SAFE,
SIM_000579,electric,False,0.32,0.35,SAFE,
SIM_000580,unflued_combustion,True,1.81,0.35,SAFE,
SIM_000581,unflued_combustion,True,1.91,0.35,SAFE,
SIM_000582,electric,False,3.04,0.35,SAFE,
SIM_000583,electric,False,0.27,0.35,SAFE,
SIM_000584,unflued_combustion,True,4.39,0.35,SAFE,
SIM_000585,electric,False,4.12,0.35,SAFE,
SIM_000586,none,False,4.21,0.35,SAFE,
SIM_000587,unflued_combustion,True,1.49,0.35,SAFE,
SIM_000588,none,False,2.13,0.35,SAFE,
SIM_000589,none,False,2.39,0.35,SAFE,
SIM_000590,none,False,0.97,0.35,SAFE,
SIM_000591,none,False,2.66,0.35,SAFE,
SIM_000592,none,False,0.66,0.35,SAFE,
SIM_000593,electric,False,2.6,0.35,SAFE,
SIM_000594,none,False,2.26,0.35,SAFE,
SIM_000595,flued_stove,False,1.21,0.35,SAFE,
SIM_000596,none,False,3.51,0.35,SAFE,
SIM_000597,flued_stove,False,4.19,0.35,SAFE,
SIM_000598,flued_stove,False,2.33,0.35,SAFE,
SIM_000599,none,False,4.47,0.35,SAFE,
SIM_000600,none,False,3.91,0.35,SAFE,
SIM_000601,electric,False,4.0,0.35,SAFE,
SIM_000602,electric,False,2.23,0.35,SAFE,
SIM_000603,flued_stove,False,1.89,0.35,SAFE,
SIM_000604,electric,False,1.37,0.35,SAFE,
SIM_000605,flued_stove,False,2.44,0.35,SAFE,
SIM_000606,flued_stove,False,4.09,0.35,SAFE,
SIM_000607,unflued_combustion,True,0.39,0.35,SAFE,
SIM_000608,unflued_combustion,True,3.23,0.35,SAFE,
SIM_000609,none,False,0.63,0.35,SAFE,
SIM_000610,flued_stove,False,1.84,0.35,SAFE,
SIM_000611,none,False,1.74,0.35,SAFE,
SIM_000612,none,False,4.04,0.35,SAFE,
SIM_000613,electric,False,2.3,0.35,SAFE,
SIM_000614,unflued_combustion,True,0.18,0.35,REFUSED,Ventilation 0.18 ACH is below the safe minimum (0.35 ACH) for an unflued combustion heater. Carbon monoxide asphyxiation risk. Increase ventilation to at least 0.35 ACH or specify a flued stove or electric heater.
SIM_000615,flued_stove,False,2.82,0.35,SAFE,
SIM_000616,unflued_combustion,True,3.8,0.35,SAFE,
SIM_000617,flued_stove,False,0.76,0.35,SAFE,
SIM_000618,none,False,2.65,0.35,SAFE,
SIM_000619,unflued_combustion,True,1.47,0.35,SAFE,
SIM_000620,flued_stove,False,0.13,0.35,SAFE,
SIM_000621,none,False,0.13,0.35,SAFE,
SIM_000622,electric,False,3.02,0.35,SAFE,
SIM_000623,electric,False,1.63,0.35,SAFE,
SIM_000624,flued_stove,False,1.07,0.35,SAFE,
SIM_000625,none,False,0.89,0.35,SAFE,
SIM_000626,unflued_combustion,True,1.32,0.35,SAFE,
SIM_000627,electric,False,0.55,0.35,SAFE,
SIM_000628,unflued_combustion,True,2.91,0.35,SAFE,
SIM_000629,electric,False,2.48,0.35,SAFE,
SIM_000630,flued_stove,False,0.12,0.35,SAFE,
SIM_000631,unflued_combustion,True,3.24,0.35,SAFE,
SIM_000632,electric,False,0.14,0.35,SAFE,
SIM_000633,unflued_combustion,True,3.38,0.35,SAFE,
SIM_000634,unflued_combustion,True,2.67,0.35,SAFE,
SIM_000635,unflued_combustion,True,1.44,0.35,SAFE,
SIM_000636,unflued_combustion,True,1.81,0.35,SAFE,
SIM_000637,unflued_combustion,True,0.63,0.35,SAFE,
SIM_000638,unflued_combustion,True,3.81,0.35,SAFE,
SIM_000639,electric,False,3.1,0.35,SAFE,
SIM_000640,flued_stove,False,4.1,0.35,SAFE,
SIM_000641,electric,False,3.66,0.35,SAFE,
SIM_000642,unflued_combustion,True,2.91,0.35,SAFE,
SIM_000643,unflued_combustion,True,0.73,0.35,SAFE,
SIM_000644,unflued_combustion,True,0.88,0.35,SAFE,
SIM_000645,electric,False,2.1,0.35,SAFE,
SIM_000646,unflued_combustion,True,2.37,0.35,SAFE,
SIM_000647,none,False,0.81,0.35,SAFE,
SIM_000648,electric,False,1.09,0.35,SAFE,
SIM_000649,unflued_combustion,True,0.78,0.35,SAFE,
SIM_000650,flued_stove,False,2.55,0.35,SAFE,
SIM_000651,unflued_combustion,True,2.06,0.35,SAFE,
SIM_000652,electric,False,0.91,0.35,SAFE,
SIM_000653,unflued_combustion,True,3.15,0.35,SAFE,
SIM_000654,flued_stove,False,1.15,0.35,SAFE,
SIM_000655,electric,False,1.05,0.35,SAFE,
SIM_000656,electric,False,1.49,0.35,SAFE,
SIM_000657,flued_stove,False,1.28,0.35,SAFE,
SIM_000658,flued_stove,False,3.64,0.35,SAFE,
SIM_000659,none,False,1.44,0.35,SAFE,
SIM_000660,none,False,2.27,0.35,SAFE,
SIM_000661,electric,False,1.41,0.35,SAFE,
SIM_000662,electric,False,2.2,0.35,SAFE,
SIM_000663,none,False,4.34,0.35,SAFE,
SIM_000664,flued_stove,False,4.47,0.35,SAFE,
SIM_000665,electric,False,3.03,0.35,SAFE,
SIM_000666,flued_stove,False,2.72,0.35,SAFE,
SIM_000667,none,False,4.25,0.35,SAFE,
SIM_000668,flued_stove,False,0.9,0.35,SAFE,
SIM_000669,none,False,3.63,0.35,SAFE,
SIM_000670,none,False,3.86,0.35,SAFE,
SIM_000671,flued_stove,False,3.96,0.35,SAFE,
SIM_000672,unflued_combustion,True,1.25,0.35,SAFE,
SIM_000673,electric,False,1.7,0.35,SAFE,
SIM_000674,flued_stove,False,1.67,0.35,SAFE,
SIM_000675,flued_stove,False,3.39,0.35,SAFE,
SIM_000676,electric,False,3.52,0.35,SAFE,
SIM_000677,unflued_combustion,True,3.46,0.35,SAFE,
SIM_000678,none,False,2.29,0.35,SAFE,
SIM_000679,flued_stove,False,2.47,0.35,SAFE,
SIM_000680,none,False,4.42,0.35,SAFE,
SIM_000681,none,False,1.13,0.35,SAFE,
SIM_000682,unflued_combustion,True,2.0,0.35,SAFE,
SIM_000683,flued_stove,False,1.58,0.35,SAFE,
SIM_000684,unflued_combustion,True,1.55,0.35,SAFE,
SIM_000685,unflued_combustion,True,1.76,0.35,SAFE,
SIM_000686,none,False,0.56,0.35,SAFE,
SIM_000687,electric,False,0.32,0.35,SAFE,
SIM_000688,unflued_combustion,True,4.0,0.35,SAFE,
SIM_000689,unflued_combustion,True,1.47,0.35,SAFE,
SIM_000690,unflued_combustion,True,3.6,0.35,SAFE,
SIM_000691,electric,False,2.84,0.35,SAFE,
SIM_000692,none,False,2.09,0.35,SAFE,
SIM_000693,unflued_combustion,True,3.13,0.35,SAFE,
SIM_000694,unflued_combustion,True,3.25,0.35,SAFE,
SIM_000695,electric,False,1.54,0.35,SAFE,
SIM_000696,electric,False,2.94,0.35,SAFE,
SIM_000697,unflued_combustion,True,4.03,0.35,SAFE,
SIM_000698,none,False,1.44,0.35,SAFE,
SIM_000699,electric,False,3.42,0.35,SAFE,
SIM_000700,unflued_combustion,True,2.17,0.35,SAFE,
SIM_000701,electric,False,1.78,0.35,SAFE,
SIM_000702,electric,False,0.53,0.35,SAFE,
SIM_000703,unflued_combustion,True,0.6,0.35,SAFE,
SIM_000704,none,False,0.87,0.35,SAFE,
SIM_000705,unflued_combustion,True,1.22,0.35,SAFE,
SIM_000706,none,False,3.42,0.35,SAFE,
SIM_000707,electric,False,0.37,0.35,SAFE,
SIM_000708,electric,False,0.93,0.35,SAFE,
SIM_000709,electric,False,3.19,0.35,SAFE,
SIM_000710,unflued_combustion,True,0.48,0.35,SAFE,
SIM_000711,unflued_combustion,True,2.34,0.35,SAFE,
SIM_000712,electric,False,0.48,0.35,SAFE,
SIM_000713,flued_stove,False,1.67,0.35,SAFE,
SIM_000714,none,False,0.84,0.35,SAFE,
SIM_000715,electric,False,2.63,0.35,SAFE,
SIM_000716,none,False,1.74,0.35,SAFE,
SIM_000717,none,False,4.29,0.35,SAFE,
SIM_000718,none,False,2.62,0.35,SAFE,
SIM_000719,flued_stove,False,3.52,0.35,SAFE,
SIM_000720,unflued_combustion,True,3.87,0.35,SAFE,
SIM_000721,flued_stove,False,2.58,0.35,SAFE,
SIM_000722,electric,False,1.13,0.35,SAFE,
SIM_000723,none,False,4.0,0.35,SAFE,
SIM_000724,none,False,4.13,0.35,SAFE,
SIM_000725,electric,False,2.88,0.35,SAFE,
SIM_000726,unflued_combustion,True,1.21,0.35,SAFE,
SIM_000727,electric,False,1.34,0.35,SAFE,
SIM_000728,flued_stove,False,3.24,0.35,SAFE,
SIM_000729,electric,False,1.7,0.35,SAFE,
SIM_000730,electric,False,4.26,0.35,SAFE,
SIM_000731,unflued_combustion,True,3.59,0.35,SAFE,
SIM_000732,unflued_combustion,True,1.43,0.35,SAFE,
SIM_000733,flued_stove,False,1.68,0.35,SAFE,
SIM_000734,flued_stove,False,1.15,0.35,SAFE,
SIM_000735,electric,False,2.23,0.35,SAFE,
SIM_000736,electric,False,3.44,0.35,SAFE,
SIM_000737,electric,False,0.98,0.35,SAFE,
SIM_000738,flued_stove,False,3.79,0.35,SAFE,
SIM_000739,unflued_combustion,True,3.59,0.35,SAFE,
SIM_000740,unflued_combustion,True,4.2,0.35,SAFE,
SIM_000741,unflued_combustion,True,2.08,0.35,SAFE,
SIM_000742,electric,False,1.45,0.35,SAFE,
SIM_000743,unflued_combustion,True,4.39,0.35,SAFE,
SIM_000744,flued_stove,False,4.24,0.35,SAFE,
SIM_000745,flued_stove,False,3.6,0.35,SAFE,
SIM_000746,flued_stove,False,1.49,0.35,SAFE,
SIM_000747,flued_stove,False,0.98,0.35,SAFE,
SIM_000748,none,False,3.8,0.35,SAFE,
SIM_000749,electric,False,3.14,0.35,SAFE,
SIM_000750,flued_stove,False,3.59,0.35,SAFE,
SIM_000751,unflued_combustion,True,4.44,0.35,SAFE,
SIM_000752,none,False,3.89,0.35,SAFE,
SIM_000753,electric,False,1.24,0.35,SAFE,
SIM_000754,flued_stove,False,3.64,0.35,SAFE,
SIM_000755,electric,False,1.75,0.35,SAFE,
SIM_000756,unflued_combustion,True,1.28,0.35,SAFE,
SIM_000757,electric,False,1.85,0.35,SAFE,
SIM_000758,unflued_combustion,True,0.48,0.35,SAFE,
SIM_000759,flued_stove,False,1.63,0.35,SAFE,
SIM_000760,electric,False,0.28,0.35,SAFE,
SIM_000761,electric,False,1.15,0.35,SAFE,
SIM_000762,electric,False,0.75,0.35,SAFE,
SIM_000763,flued_stove,False,3.75,0.35,SAFE,
SIM_000764,unflued_combustion,True,0.29,0.35,REFUSED,Ventilation 0.29 ACH is below the safe minimum (0.35 ACH) for an unflued combustion heater. Carbon monoxide asphyxiation risk. Increase ventilation to at least 0.35 ACH or specify a flued stove or electric heater.
SIM_000765,electric,False,4.26,0.35,SAFE,
SIM_000766,flued_stove,False,0.79,0.35,SAFE,
SIM_000767,electric,False,1.61,0.35,SAFE,
SIM_000768,unflued_combustion,True,3.72,0.35,SAFE,
SIM_000769,unflued_combustion,True,2.15,0.35,SAFE,
SIM_000770,unflued_combustion,True,0.4,0.35,SAFE,
SIM_000771,electric,False,0.11,0.35,SAFE,
SIM_000772,none,False,0.89,0.35,SAFE,
SIM_000773,unflued_combustion,True,0.15,0.35,REFUSED,Ventilation 0.15 ACH is below the safe minimum (0.35 ACH) for an unflued combustion heater. Carbon monoxide asphyxiation risk. Increase ventilation to at least 0.35 ACH or specify a flued stove or electric heater.
SIM_000774,unflued_combustion,True,2.21,0.35,SAFE,
SIM_000775,unflued_combustion,True,2.8,0.35,SAFE,
SIM_000776,none,False,4.33,0.35,SAFE,
SIM_000777,electric,False,3.26,0.35,SAFE,
SIM_000778,none,False,3.04,0.35,SAFE,
SIM_000779,none,False,1.99,0.35,SAFE,
SIM_000780,flued_stove,False,0.79,0.35,SAFE,
SIM_000781,electric,False,4.44,0.35,SAFE,
SIM_000782,none,False,4.41,0.35,SAFE,
SIM_000783,electric,False,1.53,0.35,SAFE,
SIM_000784,none,False,1.9,0.35,SAFE,
SIM_000785,unflued_combustion,True,0.89,0.35,SAFE,
SIM_000786,none,False,1.6,0.35,SAFE,
SIM_000787,electric,False,2.25,0.35,SAFE,
SIM_000788,flued_stove,False,0.31,0.35,SAFE,
SIM_000789,electric,False,0.6,0.35,SAFE,
SIM_000790,electric,False,1.84,0.35,SAFE,
SIM_000791,electric,False,1.71,0.35,SAFE,
SIM_000792,unflued_combustion,True,3.12,0.35,SAFE,
SIM_000793,electric,False,1.31,0.35,SAFE,
SIM_000794,none,False,2.8,0.35,SAFE,
SIM_000795,flued_stove,False,2.47,0.35,SAFE,
SIM_000796,unflued_combustion,True,2.35,0.35,SAFE,
SIM_000797,unflued_combustion,True,2.61,0.35,SAFE,
SIM_000798,electric,False,1.95,0.35,SAFE,
SIM_000799,electric,False,3.28,0.35,SAFE,
SIM_000800,electric,False,0.57,0.35,SAFE,
SIM_000801,flued_stove,False,2.29,0.35,SAFE,
SIM_000802,none,False,0.32,0.35,SAFE,
SIM_000803,unflued_combustion,True,2.01,0.35,SAFE,
SIM_000804,unflued_combustion,True,0.76,0.35,SAFE,
SIM_000805,electric,False,3.79,0.35,SAFE,
SIM_000806,electric,False,3.33,0.35,SAFE,
SIM_000807,electric,False,3.95,0.35,SAFE,
SIM_000808,electric,False,0.33,0.35,SAFE,
SIM_000809,flued_stove,False,0.93,0.35,SAFE,
SIM_000810,unflued_combustion,True,0.98,0.35,SAFE,
SIM_000811,electric,False,1.26,0.35,SAFE,
SIM_000812,flued_stove,False,1.41,0.35,SAFE,
SIM_000813,electric,False,1.73,0.35,SAFE,
SIM_000814,none,False,2.32,0.35,SAFE,
SIM_000815,flued_stove,False,3.88,0.35,SAFE,
SIM_000816,none,False,2.52,0.35,SAFE,
SIM_000817,unflued_combustion,True,0.99,0.35,SAFE,
SIM_000818,electric,False,3.12,0.35,SAFE,
SIM_000819,none,False,3.29,0.35,SAFE,
SIM_000820,flued_stove,False,2.63,0.35,SAFE,
SIM_000821,unflued_combustion,True,2.52,0.35,SAFE,
SIM_000822,flued_stove,False,3.82,0.35,SAFE,
SIM_000823,flued_stove,False,2.06,0.35,SAFE,
SIM_000824,flued_stove,False,2.97,0.35,SAFE,
SIM_000825,unflued_combustion,True,0.32,0.35,REFUSED,Ventilation 0.32 ACH is below the safe minimum (0.35 ACH) for an unflued combustion heater. Carbon monoxide asphyxiation risk. Increase ventilation to at least 0.35 ACH or specify a flued stove or electric heater.
SIM_000826,electric,False,0.59,0.35,SAFE,
SIM_000827,flued_stove,False,4.11,0.35,SAFE,
SIM_000828,none,False,1.66,0.35,SAFE,
SIM_000829,flued_stove,False,2.44,0.35,SAFE,
SIM_000830,flued_stove,False,3.12,0.35,SAFE,
SIM_000831,flued_stove,False,0.45,0.35,SAFE,
SIM_000832,none,False,2.18,0.35,SAFE,
SIM_000833,flued_stove,False,3.81,0.35,SAFE,
SIM_000834,none,False,3.38,0.35,SAFE,
SIM_000835,electric,False,3.73,0.35,SAFE,
SIM_000836,none,False,3.6,0.35,SAFE,
SIM_000837,flued_stove,False,1.93,0.35,SAFE,
SIM_000838,flued_stove,False,2.23,0.35,SAFE,
SIM_000839,none,False,2.65,0.35,SAFE,
SIM_000840,unflued_combustion,True,3.77,0.35,SAFE,
SIM_000841,none,False,2.79,0.35,SAFE,
SIM_000842,flued_stove,False,4.45,0.35,SAFE,
SIM_000843,electric,False,0.34,0.35,SAFE,
SIM_000844,flued_stove,False,1.32,0.35,SAFE,
SIM_000845,none,False,3.14,0.35,SAFE,
SIM_000846,none,False,2.85,0.35,SAFE,
SIM_000847,electric,False,3.08,0.35,SAFE,
SIM_000848,none,False,2.67,0.35,SAFE,
SIM_000849,none,False,2.52,0.35,SAFE,
SIM_000850,electric,False,2.79,0.35,SAFE,
SIM_000851,flued_stove,False,0.86,0.35,SAFE,
SIM_000852,none,False,1.35,0.35,SAFE,
SIM_000853,flued_stove,False,0.53,0.35,SAFE,
SIM_000854,electric,False,0.8,0.35,SAFE,
SIM_000855,none,False,2.04,0.35,SAFE,
SIM_000856,flued_stove,False,2.77,0.35,SAFE,
SIM_000857,electric,False,0.79,0.35,SAFE,
SIM_000858,electric,False,0.46,0.35,SAFE,
SIM_000859,electric,False,3.84,0.35,SAFE,
SIM_000860,flued_stove,False,0.25,0.35,SAFE,
SIM_000861,electric,False,0.32,0.35,SAFE,
SIM_000862,flued_stove,False,2.23,0.35,SAFE,
SIM_000863,unflued_combustion,True,0.72,0.35,SAFE,
SIM_000864,none,False,2.44,0.35,SAFE,
SIM_000865,none,False,3.14,0.35,SAFE,
SIM_000866,unflued_combustion,True,2.3,0.35,SAFE,
SIM_000867,unflued_combustion,True,3.58,0.35,SAFE,
SIM_000868,flued_stove,False,0.38,0.35,SAFE,
SIM_000869,flued_stove,False,4.28,0.35,SAFE,
SIM_000870,electric,False,3.94,0.35,SAFE,
SIM_000871,flued_stove,False,3.56,0.35,SAFE,
SIM_000872,electric,False,0.48,0.35,SAFE,
SIM_000873,flued_stove,False,0.43,0.35,SAFE,
SIM_000874,unflued_combustion,True,1.78,0.35,SAFE,
SIM_000875,unflued_combustion,True,4.14,0.35,SAFE,
SIM_000876,none,False,0.13,0.35,SAFE,
SIM_000877,flued_stove,False,3.58,0.35,SAFE,
SIM_000878,unflued_combustion,True,2.1,0.35,SAFE,
SIM_000879,flued_stove,False,3.52,0.35,SAFE,
SIM_000880,unflued_combustion,True,3.44,0.35,SAFE,
SIM_000881,flued_stove,False,1.24,0.35,SAFE,
SIM_000882,flued_stove,False,3.13,0.35,SAFE,
SIM_000883,unflued_combustion,True,1.87,0.35,SAFE,
SIM_000884,electric,False,3.19,0.35,SAFE,
SIM_000885,none,False,3.12,0.35,SAFE,
SIM_000886,flued_stove,False,0.71,0.35,SAFE,
SIM_000887,flued_stove,False,3.97,0.35,SAFE,
SIM_000888,none,False,2.15,0.35,SAFE,
SIM_000889,flued_stove,False,4.29,0.35,SAFE,
SIM_000890,none,False,0.46,0.35,SAFE,
SIM_000891,unflued_combustion,True,1.66,0.35,SAFE,
SIM_000892,electric,False,4.2,0.35,SAFE,
SIM_000893,unflued_combustion,True,4.16,0.35,SAFE,
SIM_000894,none,False,3.88,0.35,SAFE,
SIM_000895,unflued_combustion,True,4.13,0.35,SAFE,
SIM_000896,none,False,1.66,0.35,SAFE,
SIM_000897,electric,False,1.49,0.35,SAFE,
SIM_000898,electric,False,0.37,0.35,SAFE,
SIM_000899,unflued_combustion,True,2.24,0.35,SAFE,
SIM_000900,flued_stove,False,3.83,0.35,SAFE,
SIM_000901,flued_stove,False,2.44,0.35,SAFE,
SIM_000902,electric,False,2.73,0.35,SAFE,
SIM_000903,none,False,0.38,0.35,SAFE,
SIM_000904,flued_stove,False,2.47,0.35,SAFE,
SIM_000905,flued_stove,False,0.5,0.35,SAFE,
SIM_000906,flued_stove,False,3.56,0.35,SAFE,
SIM_000907,flued_stove,False,2.88,0.35,SAFE,
SIM_000908,unflued_combustion,True,1.09,0.35,SAFE,
SIM_000909,electric,False,4.28,0.35,SAFE,
SIM_000910,electric,False,0.66,0.35,SAFE,
SIM_000911,none,False,0.64,0.35,SAFE,
SIM_000912,flued_stove,False,3.68,0.35,SAFE,
SIM_000913,unflued_combustion,True,2.2,0.35,SAFE,
SIM_000914,flued_stove,False,3.69,0.35,SAFE,
SIM_000915,flued_stove,False,2.46,0.35,SAFE,
SIM_000916,flued_stove,False,2.11,0.35,SAFE,
SIM_000917,none,False,0.25,0.35,SAFE,
SIM_000918,unflued_combustion,True,1.99,0.35,SAFE,
SIM_000919,none,False,3.85,0.35,SAFE,
SIM_000920,flued_stove,False,0.18,0.35,SAFE,
SIM_000921,unflued_combustion,True,3.69,0.35,SAFE,
SIM_000922,electric,False,4.01,0.35,SAFE,
SIM_000923,unflued_combustion,True,1.98,0.35,SAFE,
SIM_000924,unflued_combustion,True,3.93,0.35,SAFE,
SIM_000925,unflued_combustion,True,3.14,0.35,SAFE,
SIM_000926,flued_stove,False,3.84,0.35,SAFE,
SIM_000927,none,False,3.09,0.35,SAFE,
SIM_000928,electric,False,1.17,0.35,SAFE,
SIM_000929,flued_stove,False,1.54,0.35,SAFE,
SIM_000930,none,False,4.28,0.35,SAFE,
SIM_000931,none,False,3.97,0.35,SAFE,
SIM_000932,unflued_combustion,True,1.66,0.35,SAFE,
SIM_000933,electric,False,1.87,0.35,SAFE,
SIM_000934,none,False,2.06,0.35,SAFE,
SIM_000935,electric,False,1.34,0.35,SAFE,
SIM_000936,flued_stove,False,0.14,0.35,SAFE,
SIM_000937,flued_stove,False,3.69,0.35,SAFE,
SIM_000938,unflued_combustion,True,1.96,0.35,SAFE,
SIM_000939,flued_stove,False,4.46,0.35,SAFE,
SIM_000940,flued_stove,False,4.1,0.35,SAFE,
SIM_000941,flued_stove,False,4.49,0.35,SAFE,
SIM_000942,electric,False,3.58,0.35,SAFE,
SIM_000943,unflued_combustion,True,0.7,0.35,SAFE,
SIM_000944,unflued_combustion,True,3.56,0.35,SAFE,
SIM_000945,electric,False,1.94,0.35,SAFE,
SIM_000946,none,False,4.21,0.35,SAFE,
SIM_000947,flued_stove,False,1.84,0.35,SAFE,
SIM_000948,electric,False,3.71,0.35,SAFE,
SIM_000949,flued_stove,False,0.25,0.35,SAFE,
SIM_000950,unflued_combustion,True,4.46,0.35,SAFE,
SIM_000951,electric,False,4.01,0.35,SAFE,
SIM_000952,none,False,3.16,0.35,SAFE,
SIM_000953,none,False,1.33,0.35,SAFE,
SIM_000954,none,False,3.65,0.35,SAFE,
SIM_000955,electric,False,3.27,0.35,SAFE,
SIM_000956,electric,False,0.91,0.35,SAFE,
SIM_000957,flued_stove,False,3.27,0.35,SAFE,
SIM_000958,flued_stove,False,3.45,0.35,SAFE,
SIM_000959,unflued_combustion,True,1.85,0.35,SAFE,
SIM_000960,none,False,0.84,0.35,SAFE,
SIM_000961,electric,False,3.85,0.35,SAFE,
SIM_000962,none,False,4.01,0.35,SAFE,
SIM_000963,none,False,4.01,0.35,SAFE,
SIM_000964,none,False,2.85,0.35,SAFE,
SIM_000965,none,False,0.74,0.35,SAFE,
SIM_000966,unflued_combustion,True,1.63,0.35,SAFE,
SIM_000967,flued_stove,False,1.25,0.35,SAFE,
SIM_000968,flued_stove,False,2.38,0.35,SAFE,
SIM_000969,flued_stove,False,3.19,0.35,SAFE,
SIM_000970,flued_stove,False,3.52,0.35,SAFE,
SIM_000971,electric,False,1.51,0.35,SAFE,
SIM_000972,electric,False,0.12,0.35,SAFE,
SIM_000973,flued_stove,False,0.95,0.35,SAFE,
SIM_000974,unflued_combustion,True,1.14,0.35,SAFE,
SIM_000975,flued_stove,False,1.93,0.35,SAFE,
SIM_000976,flued_stove,False,2.52,0.35,SAFE,
SIM_000977,none,False,0.25,0.35,SAFE,
SIM_000978,unflued_combustion,True,1.75,0.35,SAFE,
SIM_000979,flued_stove,False,3.28,0.35,SAFE,
SIM_000980,flued_stove,False,1.86,0.35,SAFE,
SIM_000981,unflued_combustion,True,1.46,0.35,SAFE,
SIM_000982,electric,False,2.98,0.35,SAFE,
SIM_000983,electric,False,0.72,0.35,SAFE,
SIM_000984,none,False,0.43,0.35,SAFE,
SIM_000985,electric,False,2.87,0.35,SAFE,
SIM_000986,electric,False,3.35,0.35,SAFE,
SIM_000987,electric,False,1.32,0.35,SAFE,
SIM_000988,flued_stove,False,1.6,0.35,SAFE,
SIM_000989,flued_stove,False,1.66,0.35,SAFE,
SIM_000990,none,False,0.5,0.35,SAFE,
SIM_000991,flued_stove,False,1.63,0.35,SAFE,
SIM_000992,electric,False,4.45,0.35,SAFE,
SIM_000993,electric,False,3.49,0.35,SAFE,
SIM_000994,unflued_combustion,True,4.4,0.35,SAFE,
SIM_000995,electric,False,2.0,0.35,SAFE,
SIM_000996,flued_stove,False,0.44,0.35,SAFE,
SIM_000997,none,False,1.09,0.35,SAFE,
SIM_000998,electric,False,3.29,0.35,SAFE,
SIM_000999,electric,False,0.46,0.35,SAFE,
SIM_001000,none,False,1.69,0.35,SAFE,
SIM_001001,electric,False,1.59,0.35,SAFE,
SIM_001002,unflued_combustion,True,1.72,0.35,SAFE,
SIM_001003,flued_stove,False,1.53,0.35,SAFE,
SIM_001004,unflued_combustion,True,0.14,0.35,REFUSED,Ventilation 0.14 ACH is below the safe minimum (0.35 ACH) for an unflued combustion heater. Carbon monoxide asphyxiation risk. Increase ventilation to at least 0.35 ACH or specify a flued stove or electric heater.
SIM_001005,none,False,1.7,0.35,SAFE,
SIM_001006,electric,False,0.45,0.35,SAFE,
SIM_001007,unflued_combustion,True,2.29,0.35,SAFE,
SIM_001008,none,False,1.01,0.35,SAFE,
SIM_001009,flued_stove,False,1.64,0.35,SAFE,
SIM_001010,unflued_combustion,True,1.05,0.35,SAFE,
SIM_001011,flued_stove,False,2.49,0.35,SAFE,
SIM_001012,flued_stove,False,4.26,0.35,SAFE,
SIM_001013,electric,False,4.16,0.35,SAFE,
SIM_001014,none,False,2.83,0.35,SAFE,
SIM_001015,none,False,3.55,0.35,SAFE,
SIM_001016,electric,False,1.73,0.35,SAFE,
SIM_001017,none,False,4.12,0.35,SAFE,
SIM_001018,flued_stove,False,4.45,0.35,SAFE,
SIM_001019,electric,False,1.85,0.35,SAFE,
SIM_001020,flued_stove,False,3.43,0.35,SAFE,
SIM_001021,electric,False,3.97,0.35,SAFE,
SIM_001022,electric,False,1.99,0.35,SAFE,
SIM_001023,unflued_combustion,True,4.21,0.35,SAFE,
SIM_001024,none,False,3.16,0.35,SAFE,
SIM_001025,electric,False,1.26,0.35,SAFE,
SIM_001026,none,False,0.82,0.35,SAFE,
SIM_001027,electric,False,2.14,0.35,SAFE,
SIM_001028,flued_stove,False,3.29,0.35,SAFE,
SIM_001029,flued_stove,False,0.78,0.35,SAFE,
SIM_001030,none,False,0.91,0.35,SAFE,
SIM_001031,unflued_combustion,True,3.04,0.35,SAFE,
SIM_001032,flued_stove,False,1.94,0.35,SAFE,
SIM_001033,electric,False,3.8,0.35,SAFE,
SIM_001034,none,False,1.66,0.35,SAFE,
SIM_001035,none,False,4.14,0.35,SAFE,
SIM_001036,electric,False,1.13,0.35,SAFE,
SIM_001037,unflued_combustion,True,3.97,0.35,SAFE,
SIM_001038,unflued_combustion,True,0.2,0.35,REFUSED,Ventilation 0.20 ACH is below the safe minimum (0.35 ACH) for an unflued combustion heater. Carbon monoxide asphyxiation risk. Increase ventilation to at least 0.35 ACH or specify a flued stove or electric heater.
SIM_001039,none,False,0.64,0.35,SAFE,
SIM_001040,electric,False,3.14,0.35,SAFE,
SIM_001041,flued_stove,False,3.65,0.35,SAFE,
SIM_001042,flued_stove,False,0.47,0.35,SAFE,
SIM_001043,none,False,0.36,0.35,SAFE,
SIM_001044,unflued_combustion,True,1.42,0.35,SAFE,
SIM_001045,flued_stove,False,1.03,0.35,SAFE,
SIM_001046,electric,False,2.29,0.35,SAFE,
SIM_001047,flued_stove,False,3.65,0.35,SAFE,
SIM_001048,flued_stove,False,0.4,0.35,SAFE,
SIM_001049,electric,False,3.53,0.35,SAFE,
SIM_001050,unflued_combustion,True,4.22,0.35,SAFE,
SIM_001051,flued_stove,False,4.27,0.35,SAFE,
SIM_001052,none,False,3.73,0.35,SAFE,
SIM_001053,unflued_combustion,True,1.82,0.35,SAFE,
SIM_001054,flued_stove,False,4.38,0.35,SAFE,
SIM_001055,electric,False,4.13,0.35,SAFE,
SIM_001056,electric,False,3.83,0.35,SAFE,
SIM_001057,unflued_combustion,True,1.01,0.35,SAFE,
SIM_001058,flued_stove,False,1.52,0.35,SAFE,
SIM_001059,flued_stove,False,3.44,0.35,SAFE,
SIM_001060,electric,False,3.04,0.35,SAFE,
SIM_001061,unflued_combustion,True,0.58,0.35,SAFE,
SIM_001062,electric,False,2.48,0.35,SAFE,
SIM_001063,flued_stove,False,3.17,0.35,SAFE,
SIM_001064,flued_stove,False,2.36,0.35,SAFE,
SIM_001065,flued_stove,False,2.59,0.35,SAFE,
SIM_001066,electric,False,4.01,0.35,SAFE,
SIM_001067,electric,False,2.6,0.35,SAFE,
SIM_001068,unflued_combustion,True,2.25,0.35,SAFE,
SIM_001069,unflued_combustion,True,4.37,0.35,SAFE,
SIM_001070,none,False,2.87,0.35,SAFE,
SIM_001071,flued_stove,False,0.78,0.35,SAFE,
SIM_001072,electric,False,3.31,0.35,SAFE,
SIM_001073,unflued_combustion,True,1.33,0.35,SAFE,
SIM_001074,flued_stove,False,1.71,0.35,SAFE,
SIM_001075,none,False,3.31,0.35,SAFE,
SIM_001076,electric,False,4.0,0.35,SAFE,
SIM_001077,none,False,3.74,0.35,SAFE,
SIM_001078,unflued_combustion,True,3.05,0.35,SAFE,
SIM_001079,flued_stove,False,3.09,0.35,SAFE,
SIM_001080,none,False,0.55,0.35,SAFE,
SIM_001081,unflued_combustion,True,2.13,0.35,SAFE,
SIM_001082,unflued_combustion,True,2.91,0.35,SAFE,
SIM_001083,flued_stove,False,3.11,0.35,SAFE,
SIM_001084,unflued_combustion,True,1.08,0.35,SAFE,
SIM_001085,electric,False,1.58,0.35,SAFE,
SIM_001086,flued_stove,False,0.56,0.35,SAFE,
SIM_001087,unflued_combustion,True,2.5,0.35,SAFE,
SIM_001088,electric,False,2.45,0.35,SAFE,
SIM_001089,unflued_combustion,True,3.14,0.35,SAFE,
SIM_001090,none,False,0.61,0.35,SAFE,
SIM_001091,none,False,4.29,0.35,SAFE,
SIM_001092,unflued_combustion,True,0.61,0.35,SAFE,
SIM_001093,unflued_combustion,True,0.99,0.35,SAFE,
SIM_001094,none,False,0.18,0.35,SAFE,
SIM_001095,unflued_combustion,True,0.95,0.35,SAFE,
SIM_001096,electric,False,3.15,0.35,SAFE,
SIM_001097,flued_stove,False,0.65,0.35,SAFE,
SIM_001098,unflued_combustion,True,4.1,0.35,SAFE,
SIM_001099,unflued_combustion,True,3.44,0.35,SAFE,
SIM_001100,none,False,1.23,0.35,SAFE,
SIM_001101,unflued_combustion,True,1.48,0.35,SAFE,
SIM_001102,flued_stove,False,2.99,0.35,SAFE,
SIM_001103,flued_stove,False,1.81,0.35,SAFE,
SIM_001104,flued_stove,False,2.02,0.35,SAFE,
SIM_001105,none,False,0.18,0.35,SAFE,
SIM_001106,flued_stove,False,4.0,0.35,SAFE,
SIM_001107,unflued_combustion,True,4.36,0.35,SAFE,
SIM_001108,none,False,2.23,0.35,SAFE,
SIM_001109,electric,False,0.39,0.35,SAFE,
SIM_001110,flued_stove,False,3.47,0.35,SAFE,
SIM_001111,none,False,1.95,0.35,SAFE,
SIM_001112,electric,False,2.8,0.35,SAFE,
SIM_001113,electric,False,3.02,0.35,SAFE,
SIM_001114,flued_stove,False,4.23,0.35,SAFE,
SIM_001115,none,False,3.58,0.35,SAFE,
SIM_001116,unflued_combustion,True,0.82,0.35,SAFE,
SIM_001117,flued_stove,False,2.36,0.35,SAFE,
SIM_001118,flued_stove,False,3.25,0.35,SAFE,
SIM_001119,flued_stove,False,4.48,0.35,SAFE,
SIM_001120,none,False,3.0,0.35,SAFE,
SIM_001121,none,False,3.56,0.35,SAFE,
SIM_001122,flued_stove,False,4.37,0.35,SAFE,
SIM_001123,unflued_combustion,True,0.32,0.35,REFUSED,Ventilation 0.32 ACH is below the safe minimum (0.35 ACH) for an unflued combustion heater. Carbon monoxide asphyxiation risk. Increase ventilation to at least 0.35 ACH or specify a flued stove or electric heater.
SIM_001124,flued_stove,False,0.88,0.35,SAFE,
SIM_001125,flued_stove,False,1.45,0.35,SAFE,
SIM_001126,none,False,0.7,0.35,SAFE,
SIM_001127,none,False,3.88,0.35,SAFE,
SIM_001128,flued_stove,False,1.27,0.35,SAFE,
SIM_001129,electric,False,0.96,0.35,SAFE,
SIM_001130,flued_stove,False,0.15,0.35,SAFE,
SIM_001131,unflued_combustion,True,0.38,0.35,SAFE,
SIM_001132,electric,False,2.8,0.35,SAFE,
SIM_001133,flued_stove,False,0.54,0.35,SAFE,
SIM_001134,unflued_combustion,True,2.97,0.35,SAFE,
SIM_001135,electric,False,0.95,0.35,SAFE,
SIM_001136,unflued_combustion,True,3.52,0.35,SAFE,
SIM_001137,unflued_combustion,True,4.09,0.35,SAFE,
SIM_001138,electric,False,1.04,0.35,SAFE,
SIM_001139,unflued_combustion,True,3.22,0.35,SAFE,
SIM_001140,none,False,3.19,0.35,SAFE,
SIM_001141,flued_stove,False,3.83,0.35,SAFE,
SIM_001142,none,False,1.52,0.35,SAFE,
SIM_001143,flued_stove,False,2.05,0.35,SAFE,
SIM_001144,unflued_combustion,True,2.23,0.35,SAFE,
SIM_001145,flued_stove,False,2.28,0.35,SAFE,
SIM_001146,unflued_combustion,True,2.11,0.35,SAFE,
SIM_001147,none,False,1.0,0.35,SAFE,
SIM_001148,unflued_combustion,True,1.03,0.35,SAFE,
SIM_001149,electric,False,2.27,0.35,SAFE,
SIM_001150,none,False,0.44,0.35,SAFE,
SIM_001151,flued_stove,False,2.84,0.35,SAFE,
SIM_001152,unflued_combustion,True,0.16,0.35,REFUSED,Ventilation 0.16 ACH is below the safe minimum (0.35 ACH) for an unflued combustion heater. Carbon monoxide asphyxiation risk. Increase ventilation to at least 0.35 ACH or specify a flued stove or electric heater.
SIM_001153,none,False,3.97,0.35,SAFE,
SIM_001154,electric,False,0.47,0.35,SAFE,
SIM_001155,flued_stove,False,2.11,0.35,SAFE,
SIM_001156,flued_stove,False,2.38,0.35,SAFE,
SIM_001157,flued_stove,False,0.33,0.35,SAFE,
SIM_001158,unflued_combustion,True,3.52,0.35,SAFE,
SIM_001159,unflued_combustion,True,0.43,0.35,SAFE,
SIM_001160,unflued_combustion,True,0.86,0.35,SAFE,
SIM_001161,flued_stove,False,3.15,0.35,SAFE,
SIM_001162,unflued_combustion,True,0.63,0.35,SAFE,
SIM_001163,electric,False,4.01,0.35,SAFE,
SIM_001164,none,False,1.26,0.35,SAFE,
SIM_001165,none,False,3.38,0.35,SAFE,
SIM_001166,unflued_combustion,True,1.89,0.35,SAFE,
SIM_001167,none,False,3.49,0.35,SAFE,
SIM_001168,unflued_combustion,True,4.49,0.35,SAFE,
SIM_001169,unflued_combustion,True,1.77,0.35,SAFE,
SIM_001170,none,False,4.49,0.35,SAFE,
SIM_001171,electric,False,1.43,0.35,SAFE,
SIM_001172,flued_stove,False,0.11,0.35,SAFE,
SIM_001173,electric,False,0.31,0.35,SAFE,
SIM_001174,unflued_combustion,True,0.96,0.35,SAFE,
SIM_001175,flued_stove,False,0.17,0.35,SAFE,
SIM_001176,flued_stove,False,1.8,0.35,SAFE,
SIM_001177,flued_stove,False,2.58,0.35,SAFE,
SIM_001178,electric,False,3.93,0.35,SAFE,
SIM_001179,flued_stove,False,4.47,0.35,SAFE,
SIM_001180,flued_stove,False,3.58,0.35,SAFE,
SIM_001181,none,False,4.42,0.35,SAFE,
SIM_001182,flued_stove,False,3.42,0.35,SAFE,
SIM_001183,electric,False,2.88,0.35,SAFE,
SIM_001184,electric,False,3.73,0.35,SAFE,
SIM_001185,electric,False,3.64,0.35,SAFE,
SIM_001186,none,False,1.76,0.35,SAFE,
SIM_001187,none,False,2.64,0.35,SAFE,
SIM_001188,electric,False,0.38,0.35,SAFE,
SIM_001189,unflued_combustion,True,3.1,0.35,SAFE,
SIM_001190,flued_stove,False,2.82,0.35,SAFE,
SIM_001191,unflued_combustion,True,0.25,0.35,REFUSED,Ventilation 0.25 ACH is below the safe minimum (0.35 ACH) for an unflued combustion heater. Carbon monoxide asphyxiation risk. Increase ventilation to at least 0.35 ACH or specify a flued stove or electric heater.
SIM_001192,electric,False,0.29,0.35,SAFE,
SIM_001193,electric,False,1.59,0.35,SAFE,
SIM_001194,flued_stove,False,2.27,0.35,SAFE,
SIM_001195,electric,False,1.77,0.35,SAFE,
SIM_001196,electric,False,2.98,0.35,SAFE,
SIM_001197,flued_stove,False,3.11,0.35,SAFE,
SIM_001198,flued_stove,False,4.36,0.35,SAFE,
SIM_001199,electric,False,1.72,0.35,SAFE,
SIM_001200,none,False,2.66,0.35,SAFE,
SIM_001201,flued_stove,False,2.38,0.35,SAFE,
SIM_001202,electric,False,2.48,0.35,SAFE,
SIM_001203,electric,False,1.47,0.35,SAFE,
SIM_001204,flued_stove,False,1.86,0.35,SAFE,
SIM_001205,electric,False,4.08,0.35,SAFE,
SIM_001206,electric,False,1.04,0.35,SAFE,
SIM_001207,electric,False,2.63,0.35,SAFE,
SIM_001208,unflued_combustion,True,2.54,0.35,SAFE,
SIM_001209,electric,False,2.6,0.35,SAFE,
SIM_001210,none,False,0.2,0.35,SAFE,
SIM_001211,flued_stove,False,1.62,0.35,SAFE,
SIM_001212,none,False,3.38,0.35,SAFE,
SIM_001213,electric,False,1.24,0.35,SAFE,
SIM_001214,electric,False,1.63,0.35,SAFE,
SIM_001215,flued_stove,False,0.52,0.35,SAFE,
SIM_001216,electric,False,1.68,0.35,SAFE,
SIM_001217,electric,False,1.92,0.35,SAFE,
SIM_001218,electric,False,1.51,0.35,SAFE,
SIM_001219,electric,False,4.23,0.35,SAFE,
SIM_001220,none,False,2.09,0.35,SAFE,
SIM_001221,none,False,3.09,0.35,SAFE,
SIM_001222,unflued_combustion,True,2.54,0.35,SAFE,
SIM_001223,flued_stove,False,0.97,0.35,SAFE,
SIM_001224,electric,False,0.31,0.35,SAFE,
SIM_001225,flued_stove,False,2.95,0.35,SAFE,
SIM_001226,electric,False,1.11,0.35,SAFE,
SIM_001227,unflued_combustion,True,1.67,0.35,SAFE,
SIM_001228,flued_stove,False,1.29,0.35,SAFE,
SIM_001229,electric,False,1.78,0.35,SAFE,
SIM_001230,unflued_combustion,True,2.09,0.35,SAFE,
SIM_001231,flued_stove,False,3.88,0.35,SAFE,
SIM_001232,flued_stove,False,2.41,0.35,SAFE,
SIM_001233,none,False,4.19,0.35,SAFE,
SIM_001234,electric,False,3.4,0.35,SAFE,
SIM_001235,electric,False,1.6,0.35,SAFE,
SIM_001236,flued_stove,False,0.41,0.35,SAFE,
SIM_001237,none,False,2.74,0.35,SAFE,
SIM_001238,flued_stove,False,0.29,0.35,SAFE,
SIM_001239,flued_stove,False,2.04,0.35,SAFE,
SIM_001240,none,False,0.64,0.35,SAFE,
SIM_001241,electric,False,2.41,0.35,SAFE,
SIM_001242,flued_stove,False,3.06,0.35,SAFE,
SIM_001243,electric,False,3.74,0.35,SAFE,
SIM_001244,flued_stove,False,3.92,0.35,SAFE,
SIM_001245,none,False,0.83,0.35,SAFE,
SIM_001246,none,False,4.29,0.35,SAFE,
SIM_001247,none,False,0.76,0.35,SAFE,
SIM_001248,unflued_combustion,True,1.22,0.35,SAFE,
SIM_001249,flued_stove,False,0.34,0.35,SAFE,
SIM_001250,none,False,0.85,0.35,SAFE,
SIM_001251,electric,False,3.26,0.35,SAFE,
SIM_001252,unflued_combustion,True,1.34,0.35,SAFE,
SIM_001253,unflued_combustion,True,0.91,0.35,SAFE,
SIM_001254,flued_stove,False,3.14,0.35,SAFE,
SIM_001255,unflued_combustion,True,1.38,0.35,SAFE,
SIM_001256,unflued_combustion,True,1.82,0.35,SAFE,
SIM_001257,flued_stove,False,3.3,0.35,SAFE,
SIM_001258,electric,False,1.75,0.35,SAFE,
SIM_001259,unflued_combustion,True,2.52,0.35,SAFE,
SIM_001260,electric,False,3.18,0.35,SAFE,
SIM_001261,electric,False,2.15,0.35,SAFE,
SIM_001262,unflued_combustion,True,3.02,0.35,SAFE,
SIM_001263,unflued_combustion,True,0.28,0.35,REFUSED,Ventilation 0.28 ACH is below the safe minimum (0.35 ACH) for an unflued combustion heater. Carbon monoxide asphyxiation risk. Increase ventilation to at least 0.35 ACH or specify a flued stove or electric heater.
SIM_001264,electric,False,3.07,0.35,SAFE,
SIM_001265,electric,False,2.23,0.35,SAFE,
SIM_001266,unflued_combustion,True,2.08,0.35,SAFE,
SIM_001267,electric,False,2.37,0.35,SAFE,
SIM_001268,electric,False,1.7,0.35,SAFE,
SIM_001269,unflued_combustion,True,3.44,0.35,SAFE,
SIM_001270,electric,False,0.48,0.35,SAFE,
SIM_001271,unflued_combustion,True,3.68,0.35,SAFE,
SIM_001272,none,False,1.58,0.35,SAFE,
SIM_001273,none,False,0.73,0.35,SAFE,
SIM_001274,flued_stove,False,1.63,0.35,SAFE,
SIM_001275,none,False,2.35,0.35,SAFE,
SIM_001276,none,False,1.57,0.35,SAFE,
SIM_001277,none,False,3.31,0.35,SAFE,
SIM_001278,none,False,2.58,0.35,SAFE,
SIM_001279,flued_stove,False,0.69,0.35,SAFE,
SIM_001280,electric,False,1.06,0.35,SAFE,
SIM_001281,flued_stove,False,1.31,0.35,SAFE,
SIM_001282,none,False,2.48,0.35,SAFE,
SIM_001283,none,False,4.33,0.35,SAFE,
SIM_001284,none,False,1.95,0.35,SAFE,
SIM_001285,flued_stove,False,1.88,0.35,SAFE,
SIM_001286,none,False,0.83,0.35,SAFE,
SIM_001287,electric,False,1.59,0.35,SAFE,
SIM_001288,none,False,3.42,0.35,SAFE,
SIM_001289,none,False,4.26,0.35,SAFE,
SIM_001290,electric,False,3.33,0.35,SAFE,
SIM_001291,electric,False,3.96,0.35,SAFE,
SIM_001292,unflued_combustion,True,2.95,0.35,SAFE,
SIM_001293,unflued_combustion,True,1.73,0.35,SAFE,
SIM_001294,unflued_combustion,True,4.34,0.35,SAFE,
SIM_001295,none,False,1.42,0.35,SAFE,
SIM_001296,unflued_combustion,True,2.37,0.35,SAFE,
SIM_001297,unflued_combustion,True,3.58,0.35,SAFE,
SIM_001298,electric,False,2.95,0.35,SAFE,
SIM_001299,electric,False,0.38,0.35,SAFE,
SIM_001300,unflued_combustion,True,1.53,0.35,SAFE,
SIM_001301,flued_stove,False,1.66,0.35,SAFE,
SIM_001302,flued_stove,False,4.19,0.35,SAFE,
SIM_001303,unflued_combustion,True,3.01,0.35,SAFE,
SIM_001304,unflued_combustion,True,2.13,0.35,SAFE,
SIM_001305,unflued_combustion,True,2.46,0.35,SAFE,
SIM_001306,none,False,4.15,0.35,SAFE,
SIM_001307,flued_stove,False,1.56,0.35,SAFE,
SIM_001308,flued_stove,False,0.53,0.35,SAFE,
SIM_001309,electric,False,4.31,0.35,SAFE,
SIM_001310,flued_stove,False,4.27,0.35,SAFE,
SIM_001311,flued_stove,False,1.79,0.35,SAFE,
SIM_001312,none,False,1.52,0.35,SAFE,
SIM_001313,flued_stove,False,0.69,0.35,SAFE,
SIM_001314,unflued_combustion,True,3.14,0.35,SAFE,
SIM_001315,none,False,0.55,0.35,SAFE,
SIM_001316,unflued_combustion,True,3.52,0.35,SAFE,
SIM_001317,flued_stove,False,4.32,0.35,SAFE,
SIM_001318,electric,False,4.24,0.35,SAFE,
SIM_001319,none,False,1.29,0.35,SAFE,
SIM_001320,none,False,0.37,0.35,SAFE,
SIM_001321,unflued_combustion,True,1.0,0.35,SAFE,
SIM_001322,unflued_combustion,True,0.14,0.35,REFUSED,Ventilation 0.14 ACH is below the safe minimum (0.35 ACH) for an unflued combustion heater. Carbon monoxide asphyxiation risk. Increase ventilation to at least 0.35 ACH or specify a flued stove or electric heater.
SIM_001323,flued_stove,False,4.43,0.35,SAFE,
SIM_001324,unflued_combustion,True,4.48,0.35,SAFE,
SIM_001325,flued_stove,False,3.85,0.35,SAFE,
SIM_001326,flued_stove,False,1.15,0.35,SAFE,
SIM_001327,none,False,0.53,0.35,SAFE,
SIM_001328,none,False,2.64,0.35,SAFE,
SIM_001329,none,False,2.94,0.35,SAFE,
SIM_001330,electric,False,3.18,0.35,SAFE,
SIM_001331,electric,False,0.43,0.35,SAFE,
SIM_001332,unflued_combustion,True,1.63,0.35,SAFE,
SIM_001333,unflued_combustion,True,1.91,0.35,SAFE,
SIM_001334,none,False,2.92,0.35,SAFE,
SIM_001335,flued_stove,False,2.17,0.35,SAFE,
SIM_001336,unflued_combustion,True,1.63,0.35,SAFE,
SIM_001337,flued_stove,False,1.02,0.35,SAFE,
SIM_001338,unflued_combustion,True,3.18,0.35,SAFE,
SIM_001339,none,False,3.49,0.35,SAFE,
SIM_001340,flued_stove,False,3.81,0.35,SAFE,
SIM_001341,unflued_combustion,True,4.14,0.35,SAFE,
SIM_001342,flued_stove,False,2.11,0.35,SAFE,
SIM_001343,none,False,2.92,0.35,SAFE,
SIM_001344,none,False,3.37,0.35,SAFE,
SIM_001345,flued_stove,False,1.95,0.35,SAFE,
SIM_001346,unflued_combustion,True,2.6,0.35,SAFE,
SIM_001347,unflued_combustion,True,1.3,0.35,SAFE,
SIM_001348,flued_stove,False,2.23,0.35,SAFE,
SIM_001349,flued_stove,False,3.15,0.35,SAFE,
SIM_001350,electric,False,2.66,0.35,SAFE,
SIM_001351,electric,False,1.83,0.35,SAFE,
SIM_001352,none,False,1.8,0.35,SAFE,
SIM_001353,none,False,4.38,0.35,SAFE,
SIM_001354,unflued_combustion,True,1.58,0.35,SAFE,
SIM_001355,electric,False,3.84,0.35,SAFE,
SIM_001356,unflued_combustion,True,0.6,0.35,SAFE,
SIM_001357,none,False,3.17,0.35,SAFE,
SIM_001358,electric,False,2.26,0.35,SAFE,
SIM_001359,electric,False,2.52,0.35,SAFE,
SIM_001360,flued_stove,False,1.46,0.35,SAFE,
SIM_001361,flued_stove,False,3.45,0.35,SAFE,
SIM_001362,flued_stove,False,0.8,0.35,SAFE,
SIM_001363,none,False,4.5,0.35,SAFE,
SIM_001364,flued_stove,False,3.29,0.35,SAFE,
SIM_001365,none,False,4.49,0.35,SAFE,
SIM_001366,none,False,4.24,0.35,SAFE,
SIM_001367,electric,False,1.09,0.35,SAFE,
SIM_001368,none,False,0.74,0.35,SAFE,
SIM_001369,none,False,1.03,0.35,SAFE,
SIM_001370,none,False,0.91,0.35,SAFE,
SIM_001371,none,False,0.96,0.35,SAFE,
SIM_001372,none,False,3.38,0.35,SAFE,
SIM_001373,unflued_combustion,True,0.9,0.35,SAFE,
SIM_001374,none,False,3.24,0.35,SAFE,
SIM_001375,unflued_combustion,True,2.6,0.35,SAFE,
SIM_001376,electric,False,0.79,0.35,SAFE,
SIM_001377,none,False,1.68,0.35,SAFE,
SIM_001378,flued_stove,False,3.2,0.35,SAFE,
SIM_001379,unflued_combustion,True,1.49,0.35,SAFE,
SIM_001380,unflued_combustion,True,3.95,0.35,SAFE,
SIM_001381,none,False,3.13,0.35,SAFE,
SIM_001382,unflued_combustion,True,0.63,0.35,SAFE,
SIM_001383,electric,False,2.31,0.35,SAFE,
SIM_001384,none,False,0.37,0.35,SAFE,
SIM_001385,unflued_combustion,True,2.21,0.35,SAFE,
SIM_001386,none,False,0.2,0.35,SAFE,
SIM_001387,none,False,4.48,0.35,SAFE,
SIM_001388,flued_stove,False,1.93,0.35,SAFE,
SIM_001389,electric,False,4.41,0.35,SAFE,
SIM_001390,electric,False,0.75,0.35,SAFE,
SIM_001391,flued_stove,False,2.84,0.35,SAFE,
SIM_001392,electric,False,4.19,0.35,SAFE,
SIM_001393,flued_stove,False,2.51,0.35,SAFE,
SIM_001394,none,False,0.52,0.35,SAFE,
SIM_001395,flued_stove,False,3.36,0.35,SAFE,
SIM_001396,flued_stove,False,3.6,0.35,SAFE,
SIM_001397,none,False,2.69,0.35,SAFE,
SIM_001398,none,False,2.97,0.35,SAFE,
SIM_001399,none,False,1.82,0.35,SAFE,
SIM_001400,unflued_combustion,True,3.29,0.35,SAFE,
SIM_001401,unflued_combustion,True,1.44,0.35,SAFE,
SIM_001402,none,False,1.91,0.35,SAFE,
SIM_001403,flued_stove,False,2.99,0.35,SAFE,
SIM_001404,unflued_combustion,True,3.75,0.35,SAFE,
SIM_001405,unflued_combustion,True,1.63,0.35,SAFE,
SIM_001406,flued_stove,False,2.01,0.35,SAFE,
SIM_001407,electric,False,3.01,0.35,SAFE,
SIM_001408,unflued_combustion,True,3.77,0.35,SAFE,
SIM_001409,unflued_combustion,True,2.8,0.35,SAFE,
SIM_001410,none,False,3.03,0.35,SAFE,
SIM_001411,electric,False,2.73,0.35,SAFE,
SIM_001412,electric,False,1.31,0.35,SAFE,
SIM_001413,flued_stove,False,3.79,0.35,SAFE,
SIM_001414,electric,False,1.49,0.35,SAFE,
SIM_001415,none,False,1.38,0.35,SAFE,
SIM_001416,none,False,3.94,0.35,SAFE,
SIM_001417,flued_stove,False,0.63,0.35,SAFE,
SIM_001418,unflued_combustion,True,2.05,0.35,SAFE,
SIM_001419,none,False,1.76,0.35,SAFE,
SIM_001420,unflued_combustion,True,3.3,0.35,SAFE,
SIM_001421,none,False,2.64,0.35,SAFE,
SIM_001422,none,False,3.59,0.35,SAFE,
SIM_001423,unflued_combustion,True,3.25,0.35,SAFE,
SIM_001424,electric,False,1.84,0.35,SAFE,
SIM_001425,electric,False,0.47,0.35,SAFE,
SIM_001426,unflued_combustion,True,0.99,0.35,SAFE,
SIM_001427,electric,False,3.21,0.35,SAFE,
SIM_001428,flued_stove,False,4.01,0.35,SAFE,
SIM_001429,electric,False,2.76,0.35,SAFE,
SIM_001430,unflued_combustion,True,2.07,0.35,SAFE,
SIM_001431,electric,False,2.46,0.35,SAFE,
SIM_001432,flued_stove,False,1.99,0.35,SAFE,
SIM_001433,unflued_combustion,True,0.61,0.35,SAFE,
SIM_001434,flued_stove,False,3.86,0.35,SAFE,
SIM_001435,none,False,0.64,0.35,SAFE,
SIM_001436,electric,False,0.98,0.35,SAFE,
SIM_001437,none,False,3.12,0.35,SAFE,
SIM_001438,none,False,0.5,0.35,SAFE,
SIM_001439,unflued_combustion,True,4.11,0.35,SAFE,
SIM_001440,electric,False,0.81,0.35,SAFE,
SIM_001441,flued_stove,False,0.72,0.35,SAFE,
SIM_001442,electric,False,2.76,0.35,SAFE,
SIM_001443,none,False,2.66,0.35,SAFE,
SIM_001444,flued_stove,False,0.22,0.35,SAFE,
SIM_001445,none,False,0.31,0.35,SAFE,
SIM_001446,unflued_combustion,True,1.12,0.35,SAFE,
SIM_001447,flued_stove,False,2.93,0.35,SAFE,
SIM_001448,none,False,1.65,0.35,SAFE,
SIM_001449,unflued_combustion,True,4.2,0.35,SAFE,
SIM_001450,electric,False,4.32,0.35,SAFE,
SIM_001451,flued_stove,False,0.4,0.35,SAFE,
SIM_001452,electric,False,2.82,0.35,SAFE,
SIM_001453,none,False,4.0,0.35,SAFE,
SIM_001454,electric,False,0.24,0.35,SAFE,
SIM_001455,unflued_combustion,True,0.45,0.35,SAFE,
SIM_001456,none,False,2.78,0.35,SAFE,
SIM_001457,flued_stove,False,1.23,0.35,SAFE,
SIM_001458,unflued_combustion,True,3.69,0.35,SAFE,
SIM_001459,none,False,0.86,0.35,SAFE,
SIM_001460,flued_stove,False,3.78,0.35,SAFE,
SIM_001461,electric,False,3.23,0.35,SAFE,
SIM_001462,unflued_combustion,True,3.21,0.35,SAFE,
SIM_001463,unflued_combustion,True,1.83,0.35,SAFE,
SIM_001464,none,False,2.2,0.35,SAFE,
SIM_001465,unflued_combustion,True,2.2,0.35,SAFE,
SIM_001466,electric,False,1.29,0.35,SAFE,
SIM_001467,unflued_combustion,True,1.1,0.35,SAFE,
SIM_001468,flued_stove,False,2.19,0.35,SAFE,
SIM_001469,electric,False,3.22,0.35,SAFE,
SIM_001470,unflued_combustion,True,2.75,0.35,SAFE,
SIM_001471,unflued_combustion,True,1.43,0.35,SAFE,
SIM_001472,electric,False,0.15,0.35,SAFE,
SIM_001473,electric,False,3.01,0.35,SAFE,
SIM_001474,electric,False,1.91,0.35,SAFE,
SIM_001475,flued_stove,False,2.08,0.35,SAFE,
SIM_001476,unflued_combustion,True,3.94,0.35,SAFE,
SIM_001477,none,False,0.32,0.35,SAFE,
SIM_001478,none,False,4.1,0.35,SAFE,
SIM_001479,none,False,2.79,0.35,SAFE,
SIM_001480,unflued_combustion,True,1.88,0.35,SAFE,
SIM_001481,electric,False,0.74,0.35,SAFE,
SIM_001482,electric,False,2.76,0.35,SAFE,
SIM_001483,none,False,0.21,0.35,SAFE,
SIM_001484,electric,False,2.81,0.35,SAFE,
SIM_001485,flued_stove,False,2.03,0.35,SAFE,
SIM_001486,none,False,2.41,0.35,SAFE,
SIM_001487,none,False,1.59,0.35,SAFE,
SIM_001488,none,False,1.64,0.35,SAFE,
SIM_001489,none,False,3.13,0.35,SAFE,
SIM_001490,flued_stove,False,0.27,0.35,SAFE,
SIM_001491,none,False,3.51,0.35,SAFE,
SIM_001492,unflued_combustion,True,4.34,0.35,SAFE,
SIM_001493,unflued_combustion,True,1.49,0.35,SAFE,
SIM_001494,none,False,2.35,0.35,SAFE,
SIM_001495,electric,False,3.42,0.35,SAFE,
SIM_001496,unflued_combustion,True,2.89,0.35,SAFE,
SIM_001497,none,False,3.72,0.35,SAFE,
SIM_001498,electric,False,4.14,0.35,SAFE,
SIM_001499,flued_stove,False,4.16,0.35,SAFE,
SIM_001500,electric,False,2.98,0.35,SAFE,
SIM_001501,none,False,3.24,0.35,SAFE,
SIM_001502,unflued_combustion,True,3.74,0.35,SAFE,
SIM_001503,unflued_combustion,True,1.84,0.35,SAFE,
SIM_001504,electric,False,2.93,0.35,SAFE,
SIM_001505,none,False,4.23,0.35,SAFE,
SIM_001506,flued_stove,False,4.31,0.35,SAFE,
SIM_001507,unflued_combustion,True,3.87,0.35,SAFE,
SIM_001508,flued_stove,False,1.92,0.35,SAFE,
SIM_001509,flued_stove,False,1.62,0.35,SAFE,
SIM_001510,unflued_combustion,True,1.47,0.35,SAFE,
SIM_001511,none,False,2.87,0.35,SAFE,
SIM_001512,unflued_combustion,True,3.95,0.35,SAFE,
SIM_001513,unflued_combustion,True,2.18,0.35,SAFE,
SIM_001514,electric,False,1.5,0.35,SAFE,
SIM_001515,unflued_combustion,True,4.21,0.35,SAFE,
SIM_001516,electric,False,3.03,0.35,SAFE,
SIM_001517,electric,False,1.83,0.35,SAFE,
SIM_001518,none,False,3.67,0.35,SAFE,
SIM_001519,unflued_combustion,True,4.32,0.35,SAFE,
SIM_001520,unflued_combustion,True,1.28,0.35,SAFE,
SIM_001521,electric,False,1.72,0.35,SAFE,
SIM_001522,flued_stove,False,3.45,0.35,SAFE,
SIM_001523,none,False,4.02,0.35,SAFE,
SIM_001524,unflued_combustion,True,3.53,0.35,SAFE,
SIM_001525,electric,False,3.99,0.35,SAFE,
SIM_001526,unflued_combustion,True,1.01,0.35,SAFE,
SIM_001527,none,False,1.11,0.35,SAFE,
SIM_001528,unflued_combustion,True,2.3,0.35,SAFE,
SIM_001529,flued_stove,False,2.7,0.35,SAFE,
SIM_001530,flued_stove,False,0.54,0.35,SAFE,
SIM_001531,unflued_combustion,True,0.37,0.35,SAFE,
SIM_001532,unflued_combustion,True,0.27,0.35,REFUSED,Ventilation 0.27 ACH is below the safe minimum (0.35 ACH) for an unflued combustion heater. Carbon monoxide asphyxiation risk. Increase ventilation to at least 0.35 ACH or specify a flued stove or electric heater.
SIM_001533,flued_stove,False,3.64,0.35,SAFE,
SIM_001534,electric,False,3.23,0.35,SAFE,
SIM_001535,electric,False,0.56,0.35,SAFE,
SIM_001536,flued_stove,False,2.69,0.35,SAFE,
SIM_001537,unflued_combustion,True,4.1,0.35,SAFE,
SIM_001538,none,False,0.64,0.35,SAFE,
SIM_001539,flued_stove,False,0.29,0.35,SAFE,
SIM_001540,none,False,3.77,0.35,SAFE,
SIM_001541,flued_stove,False,1.2,0.35,SAFE,
SIM_001542,unflued_combustion,True,0.2,0.35,REFUSED,Ventilation 0.20 ACH is below the safe minimum (0.35 ACH) for an unflued combustion heater. Carbon monoxide asphyxiation risk. Increase ventilation to at least 0.35 ACH or specify a flued stove or electric heater.
SIM_001543,electric,False,1.21,0.35,SAFE,
SIM_001544,unflued_combustion,True,0.15,0.35,REFUSED,Ventilation 0.15 ACH is below the safe minimum (0.35 ACH) for an unflued combustion heater. Carbon monoxide asphyxiation risk. Increase ventilation to at least 0.35 ACH or specify a flued stove or electric heater.
SIM_001545,none,False,2.26,0.35,SAFE,
SIM_001546,flued_stove,False,0.8,0.35,SAFE,
SIM_001547,flued_stove,False,1.96,0.35,SAFE,
SIM_001548,unflued_combustion,True,2.84,0.35,SAFE,
SIM_001549,electric,False,1.15,0.35,SAFE,
SIM_001550,unflued_combustion,True,0.19,0.35,REFUSED,Ventilation 0.19 ACH is below the safe minimum (0.35 ACH) for an unflued combustion heater. Carbon monoxide asphyxiation risk. Increase ventilation to at least 0.35 ACH or specify a flued stove or electric heater.
SIM_001551,unflued_combustion,True,1.09,0.35,SAFE,
SIM_001552,none,False,4.21,0.35,SAFE,
SIM_001553,unflued_combustion,True,0.18,0.35,REFUSED,Ventilation 0.18 ACH is below the safe minimum (0.35 ACH) for an unflued combustion heater. Carbon monoxide asphyxiation risk. Increase ventilation to at least 0.35 ACH or specify a flued stove or electric heater.
SIM_001554,unflued_combustion,True,3.47,0.35,SAFE,
SIM_001555,flued_stove,False,1.65,0.35,SAFE,
SIM_001556,unflued_combustion,True,0.17,0.35,REFUSED,Ventilation 0.17 ACH is below the safe minimum (0.35 ACH) for an unflued combustion heater. Carbon monoxide asphyxiation risk. Increase ventilation to at least 0.35 ACH or specify a flued stove or electric heater.
SIM_001557,electric,False,3.67,0.35,SAFE,
SIM_001558,electric,False,1.61,0.35,SAFE,
SIM_001559,flued_stove,False,4.18,0.35,SAFE,
SIM_001560,electric,False,2.19,0.35,SAFE,
SIM_001561,electric,False,3.03,0.35,SAFE,
SIM_001562,none,False,1.33,0.35,SAFE,
SIM_001563,unflued_combustion,True,1.39,0.35,SAFE,
SIM_001564,unflued_combustion,True,2.3,0.35,SAFE,
SIM_001565,flued_stove,False,1.82,0.35,SAFE,
SIM_001566,unflued_combustion,True,0.83,0.35,SAFE,
SIM_001567,unflued_combustion,True,0.76,0.35,SAFE,
SIM_001568,none,False,2.75,0.35,SAFE,
SIM_001569,flued_stove,False,2.55,0.35,SAFE,
SIM_001570,electric,False,0.85,0.35,SAFE,
SIM_001571,electric,False,4.16,0.35,SAFE,
SIM_001572,flued_stove,False,3.92,0.35,SAFE,
SIM_001573,none,False,2.18,0.35,SAFE,
SIM_001574,unflued_combustion,True,0.64,0.35,SAFE,
SIM_001575,none,False,1.96,0.35,SAFE,
SIM_001576,flued_stove,False,2.51,0.35,SAFE,
SIM_001577,unflued_combustion,True,3.92,0.35,SAFE,
SIM_001578,electric,False,3.24,0.35,SAFE,
SIM_001579,none,False,1.36,0.35,SAFE,
SIM_001580,none,False,2.43,0.35,SAFE,
SIM_001581,unflued_combustion,True,4.31,0.35,SAFE,
SIM_001582,unflued_combustion,True,3.97,0.35,SAFE,
SIM_001583,flued_stove,False,2.25,0.35,SAFE,
SIM_001584,flued_stove,False,2.26,0.35,SAFE,
SIM_001585,electric,False,3.01,0.35,SAFE,
SIM_001586,flued_stove,False,2.37,0.35,SAFE,
SIM_001587,flued_stove,False,0.82,0.35,SAFE,
SIM_001588,unflued_combustion,True,2.49,0.35,SAFE,
SIM_001589,unflued_combustion,True,0.7,0.35,SAFE,
SIM_001590,flued_stove,False,3.47,0.35,SAFE,
SIM_001591,flued_stove,False,2.34,0.35,SAFE,
SIM_001592,unflued_combustion,True,2.69,0.35,SAFE,
SIM_001593,none,False,2.89,0.35,SAFE,
SIM_001594,electric,False,3.41,0.35,SAFE,
SIM_001595,none,False,0.25,0.35,SAFE,
SIM_001596,none,False,2.4,0.35,SAFE,
SIM_001597,electric,False,4.0,0.35,SAFE,
SIM_001598,unflued_combustion,True,3.24,0.35,SAFE,
SIM_001599,unflued_combustion,True,3.79,0.35,SAFE,
SIM_001600,flued_stove,False,3.56,0.35,SAFE,
SIM_001601,none,False,3.65,0.35,SAFE,
SIM_001602,none,False,1.6,0.35,SAFE,
SIM_001603,flued_stove,False,3.43,0.35,SAFE,
SIM_001604,flued_stove,False,4.35,0.35,SAFE,
SIM_001605,unflued_combustion,True,3.19,0.35,SAFE,
SIM_001606,flued_stove,False,4.1,0.35,SAFE,
SIM_001607,flued_stove,False,0.7,0.35,SAFE,
SIM_001608,electric,False,0.81,0.35,SAFE,
SIM_001609,unflued_combustion,True,3.06,0.35,SAFE,
SIM_001610,flued_stove,False,1.75,0.35,SAFE,
SIM_001611,electric,False,4.05,0.35,SAFE,
SIM_001612,none,False,3.77,0.35,SAFE,
SIM_001613,unflued_combustion,True,1.87,0.35,SAFE,
SIM_001614,none,False,1.85,0.35,SAFE,
SIM_001615,none,False,1.73,0.35,SAFE,
SIM_001616,unflued_combustion,True,2.64,0.35,SAFE,
SIM_001617,none,False,2.41,0.35,SAFE,
SIM_001618,unflued_combustion,True,2.57,0.35,SAFE,
SIM_001619,electric,False,0.16,0.35,SAFE,
SIM_001620,flued_stove,False,1.47,0.35,SAFE,
SIM_001621,none,False,3.32,0.35,SAFE,
SIM_001622,none,False,3.11,0.35,SAFE,
SIM_001623,unflued_combustion,True,4.11,0.35,SAFE,
SIM_001624,unflued_combustion,True,3.91,0.35,SAFE,
SIM_001625,flued_stove,False,3.24,0.35,SAFE,
SIM_001626,unflued_combustion,True,1.31,0.35,SAFE,
SIM_001627,none,False,0.36,0.35,SAFE,
SIM_001628,flued_stove,False,2.66,0.35,SAFE,
SIM_001629,unflued_combustion,True,0.6,0.35,SAFE,
SIM_001630,electric,False,2.68,0.35,SAFE,
SIM_001631,unflued_combustion,True,0.54,0.35,SAFE,
SIM_001632,unflued_combustion,True,1.45,0.35,SAFE,
SIM_001633,none,False,2.19,0.35,SAFE,
SIM_001634,none,False,3.15,0.35,SAFE,
SIM_001635,none,False,1.41,0.35,SAFE,
SIM_001636,unflued_combustion,True,0.78,0.35,SAFE,
SIM_001637,none,False,2.8,0.35,SAFE,
SIM_001638,flued_stove,False,0.49,0.35,SAFE,
SIM_001639,none,False,4.01,0.35,SAFE,
SIM_001640,electric,False,0.19,0.35,SAFE,
SIM_001641,electric,False,0.48,0.35,SAFE,
SIM_001642,flued_stove,False,3.49,0.35,SAFE,
SIM_001643,flued_stove,False,4.34,0.35,SAFE,
SIM_001644,electric,False,1.7,0.35,SAFE,
SIM_001645,unflued_combustion,True,0.87,0.35,SAFE,
SIM_001646,none,False,3.1,0.35,SAFE,
SIM_001647,none,False,3.34,0.35,SAFE,
SIM_001648,unflued_combustion,True,4.33,0.35,SAFE,
SIM_001649,unflued_combustion,True,3.93,0.35,SAFE,
SIM_001650,electric,False,1.95,0.35,SAFE,
SIM_001651,electric,False,1.77,0.35,SAFE,
SIM_001652,flued_stove,False,1.03,0.35,SAFE,
SIM_001653,unflued_combustion,True,1.84,0.35,SAFE,
SIM_001654,unflued_combustion,True,3.17,0.35,SAFE,
SIM_001655,flued_stove,False,4.33,0.35,SAFE,
SIM_001656,flued_stove,False,3.76,0.35,SAFE,
SIM_001657,none,False,4.43,0.35,SAFE,
SIM_001658,none,False,0.14,0.35,SAFE,
SIM_001659,flued_stove,False,0.37,0.35,SAFE,
SIM_001660,flued_stove,False,3.55,0.35,SAFE,
SIM_001661,flued_stove,False,0.68,0.35,SAFE,
SIM_001662,electric,False,3.11,0.35,SAFE,
SIM_001663,flued_stove,False,1.06,0.35,SAFE,
SIM_001664,unflued_combustion,True,3.1,0.35,SAFE,
SIM_001665,electric,False,4.4,0.35,SAFE,
SIM_001666,none,False,1.85,0.35,SAFE,
SIM_001667,none,False,0.14,0.35,SAFE,
SIM_001668,electric,False,1.2,0.35,SAFE,
SIM_001669,unflued_combustion,True,4.42,0.35,SAFE,
SIM_001670,flued_stove,False,1.99,0.35,SAFE,
SIM_001671,electric,False,3.21,0.35,SAFE,
SIM_001672,electric,False,0.23,0.35,SAFE,
SIM_001673,unflued_combustion,True,0.52,0.35,SAFE,
SIM_001674,electric,False,0.35,0.35,SAFE,
SIM_001675,flued_stove,False,0.78,0.35,SAFE,
SIM_001676,none,False,2.21,0.35,SAFE,
SIM_001677,flued_stove,False,4.39,0.35,SAFE,
SIM_001678,electric,False,2.65,0.35,SAFE,
SIM_001679,flued_stove,False,3.52,0.35,SAFE,
SIM_001680,flued_stove,False,2.9,0.35,SAFE,
SIM_001681,none,False,0.99,0.35,SAFE,
SIM_001682,unflued_combustion,True,0.42,0.35,SAFE,
SIM_001683,flued_stove,False,2.32,0.35,SAFE,
SIM_001684,flued_stove,False,3.61,0.35,SAFE,
SIM_001685,electric,False,2.07,0.35,SAFE,
SIM_001686,electric,False,1.07,0.35,SAFE,
SIM_001687,electric,False,0.5,0.35,SAFE,
SIM_001688,flued_stove,False,4.09,0.35,SAFE,
SIM_001689,unflued_combustion,True,2.43,0.35,SAFE,
SIM_001690,flued_stove,False,4.11,0.35,SAFE,
SIM_001691,electric,False,3.4,0.35,SAFE,
SIM_001692,flued_stove,False,2.78,0.35,SAFE,
SIM_001693,none,False,2.27,0.35,SAFE,
SIM_001694,unflued_combustion,True,2.9,0.35,SAFE,
SIM_001695,electric,False,2.37,0.35,SAFE,
SIM_001696,none,False,1.59,0.35,SAFE,
SIM_001697,unflued_combustion,True,1.14,0.35,SAFE,
SIM_001698,none,False,0.29,0.35,SAFE,
SIM_001699,unflued_combustion,True,4.24,0.35,SAFE,
SIM_001700,none,False,1.29,0.35,SAFE,
SIM_001701,electric,False,2.24,0.35,SAFE,
SIM_001702,unflued_combustion,True,2.72,0.35,SAFE,
SIM_001703,electric,False,1.05,0.35,SAFE,
SIM_001704,electric,False,4.2,0.35,SAFE,
SIM_001705,flued_stove,False,2.23,0.35,SAFE,
SIM_001706,electric,False,3.14,0.35,SAFE,
SIM_001707,electric,False,0.47,0.35,SAFE,
SIM_001708,electric,False,0.66,0.35,SAFE,
SIM_001709,none,False,3.78,0.35,SAFE,
SIM_001710,flued_stove,False,0.97,0.35,SAFE,
SIM_001711,none,False,3.05,0.35,SAFE,
SIM_001712,electric,False,0.92,0.35,SAFE,
SIM_001713,unflued_combustion,True,2.78,0.35,SAFE,
SIM_001714,flued_stove,False,3.77,0.35,SAFE,
SIM_001715,electric,False,4.22,0.35,SAFE,
SIM_001716,flued_stove,False,3.49,0.35,SAFE,
SIM_001717,flued_stove,False,2.52,0.35,SAFE,
SIM_001718,electric,False,3.5,0.35,SAFE,
SIM_001719,unflued_combustion,True,2.85,0.35,SAFE,
SIM_001720,unflued_combustion,True,1.96,0.35,SAFE,
SIM_001721,electric,False,0.98,0.35,SAFE,
SIM_001722,unflued_combustion,True,0.19,0.35,REFUSED,Ventilation 0.19 ACH is below the safe minimum (0.35 ACH) for an unflued combustion heater. Carbon monoxide asphyxiation risk. Increase ventilation to at least 0.35 ACH or specify a flued stove or electric heater.
SIM_001723,flued_stove,False,1.11,0.35,SAFE,
SIM_001724,flued_stove,False,0.17,0.35,SAFE,
SIM_001725,electric,False,3.93,0.35,SAFE,
SIM_001726,none,False,0.56,0.35,SAFE,
SIM_001727,electric,False,0.29,0.35,SAFE,
SIM_001728,flued_stove,False,2.81,0.35,SAFE,
SIM_001729,electric,False,0.82,0.35,SAFE,
SIM_001730,unflued_combustion,True,3.08,0.35,SAFE,
SIM_001731,flued_stove,False,3.48,0.35,SAFE,
SIM_001732,flued_stove,False,0.38,0.35,SAFE,
SIM_001733,flued_stove,False,4.38,0.35,SAFE,
SIM_001734,electric,False,1.3,0.35,SAFE,
SIM_001735,flued_stove,False,3.41,0.35,SAFE,
SIM_001736,electric,False,3.47,0.35,SAFE,
SIM_001737,flued_stove,False,4.44,0.35,SAFE,
SIM_001738,none,False,4.08,0.35,SAFE,
SIM_001739,flued_stove,False,2.8,0.35,SAFE,
SIM_001740,unflued_combustion,True,2.68,0.35,SAFE,
SIM_001741,flued_stove,False,2.15,0.35,SAFE,
SIM_001742,electric,False,3.26,0.35,SAFE,
SIM_001743,flued_stove,False,1.24,0.35,SAFE,
SIM_001744,unflued_combustion,True,2.52,0.35,SAFE,
SIM_001745,none,False,3.62,0.35,SAFE,
SIM_001746,electric,False,2.52,0.35,SAFE,
SIM_001747,unflued_combustion,True,3.41,0.35,SAFE,
SIM_001748,none,False,3.8,0.35,SAFE,
SIM_001749,unflued_combustion,True,2.97,0.35,SAFE,
SIM_001750,unflued_combustion,True,2.56,0.35,SAFE,
SIM_001751,electric,False,1.89,0.35,SAFE,
SIM_001752,electric,False,3.35,0.35,SAFE,
SIM_001753,flued_stove,False,3.91,0.35,SAFE,
SIM_001754,none,False,4.23,0.35,SAFE,
SIM_001755,electric,False,1.01,0.35,SAFE,
SIM_001756,none,False,0.23,0.35,SAFE,
SIM_001757,electric,False,0.19,0.35,SAFE,
SIM_001758,unflued_combustion,True,2.5,0.35,SAFE,
SIM_001759,electric,False,3.69,0.35,SAFE,
SIM_001760,unflued_combustion,True,4.24,0.35,SAFE,
SIM_001761,none,False,0.29,0.35,SAFE,
SIM_001762,unflued_combustion,True,2.55,0.35,SAFE,
SIM_001763,none,False,3.17,0.35,SAFE,
SIM_001764,unflued_combustion,True,1.36,0.35,SAFE,
SIM_001765,electric,False,0.51,0.35,SAFE,
SIM_001766,flued_stove,False,0.72,0.35,SAFE,
SIM_001767,flued_stove,False,0.16,0.35,SAFE,
SIM_001768,flued_stove,False,0.52,0.35,SAFE,
SIM_001769,flued_stove,False,1.72,0.35,SAFE,
SIM_001770,none,False,0.76,0.35,SAFE,
SIM_001771,none,False,3.24,0.35,SAFE,
SIM_001772,flued_stove,False,2.75,0.35,SAFE,
SIM_001773,none,False,3.8,0.35,SAFE,
SIM_001774,flued_stove,False,1.52,0.35,SAFE,
SIM_001775,unflued_combustion,True,0.33,0.35,REFUSED,Ventilation 0.33 ACH is below the safe minimum (0.35 ACH) for an unflued combustion heater. Carbon monoxide asphyxiation risk. Increase ventilation to at least 0.35 ACH or specify a flued stove or electric heater.
SIM_001776,unflued_combustion,True,0.77,0.35,SAFE,
SIM_001777,unflued_combustion,True,3.81,0.35,SAFE,
SIM_001778,flued_stove,False,0.37,0.35,SAFE,
SIM_001779,electric,False,2.77,0.35,SAFE,
SIM_001780,flued_stove,False,3.66,0.35,SAFE,
SIM_001781,none,False,1.06,0.35,SAFE,
SIM_001782,flued_stove,False,1.58,0.35,SAFE,
SIM_001783,none,False,3.72,0.35,SAFE,
SIM_001784,none,False,1.92,0.35,SAFE,
SIM_001785,unflued_combustion,True,3.42,0.35,SAFE,
SIM_001786,electric,False,2.59,0.35,SAFE,
SIM_001787,electric,False,4.04,0.35,SAFE,
SIM_001788,flued_stove,False,0.84,0.35,SAFE,
SIM_001789,flued_stove,False,0.31,0.35,SAFE,
SIM_001790,flued_stove,False,3.37,0.35,SAFE,
SIM_001791,electric,False,1.81,0.35,SAFE,
SIM_001792,flued_stove,False,3.92,0.35,SAFE,
SIM_001793,electric,False,1.44,0.35,SAFE,
SIM_001794,electric,False,0.13,0.35,SAFE,
SIM_001795,flued_stove,False,0.13,0.35,SAFE,
SIM_001796,electric,False,0.85,0.35,SAFE,
SIM_001797,unflued_combustion,True,1.3,0.35,SAFE,
SIM_001798,electric,False,4.43,0.35,SAFE,
SIM_001799,none,False,1.68,0.35,SAFE,
SIM_001800,unflued_combustion,True,4.24,0.35,SAFE,
SIM_001801,flued_stove,False,1.59,0.35,SAFE,
SIM_001802,none,False,3.16,0.35,SAFE,
SIM_001803,unflued_combustion,True,3.38,0.35,SAFE,
SIM_001804,unflued_combustion,True,2.14,0.35,SAFE,
SIM_001805,electric,False,0.55,0.35,SAFE,
SIM_001806,none,False,4.39,0.35,SAFE,
SIM_001807,electric,False,3.46,0.35,SAFE,
SIM_001808,electric,False,0.56,0.35,SAFE,
SIM_001809,flued_stove,False,2.28,0.35,SAFE,
SIM_001810,electric,False,2.05,0.35,SAFE,
SIM_001811,none,False,2.06,0.35,SAFE,
SIM_001812,unflued_combustion,True,3.65,0.35,SAFE,
SIM_001813,electric,False,2.5,0.35,SAFE,
SIM_001814,none,False,0.73,0.35,SAFE,
SIM_001815,flued_stove,False,4.05,0.35,SAFE,
SIM_001816,flued_stove,False,1.2,0.35,SAFE,
SIM_001817,electric,False,2.54,0.35,SAFE,
SIM_001818,electric,False,3.68,0.35,SAFE,
SIM_001819,none,False,2.84,0.35,SAFE,
SIM_001820,electric,False,3.07,0.35,SAFE,
SIM_001821,flued_stove,False,2.66,0.35,SAFE,
SIM_001822,flued_stove,False,0.65,0.35,SAFE,
SIM_001823,flued_stove,False,0.59,0.35,SAFE,
SIM_001824,none,False,1.33,0.35,SAFE,
SIM_001825,unflued_combustion,True,1.52,0.35,SAFE,
SIM_001826,unflued_combustion,True,0.14,0.35,REFUSED,Ventilation 0.14 ACH is below the safe minimum (0.35 ACH) for an unflued combustion heater. Carbon monoxide asphyxiation risk. Increase ventilation to at least 0.35 ACH or specify a flued stove or electric heater.
SIM_001827,unflued_combustion,True,2.58,0.35,SAFE,
SIM_001828,unflued_combustion,True,3.77,0.35,SAFE,
SIM_001829,flued_stove,False,2.22,0.35,SAFE,
SIM_001830,electric,False,0.29,0.35,SAFE,
SIM_001831,electric,False,2.21,0.35,SAFE,
SIM_001832,flued_stove,False,2.79,0.35,SAFE,
SIM_001833,unflued_combustion,True,3.73,0.35,SAFE,
SIM_001834,flued_stove,False,0.7,0.35,SAFE,
SIM_001835,electric,False,2.7,0.35,SAFE,
SIM_001836,unflued_combustion,True,0.83,0.35,SAFE,
SIM_001837,unflued_combustion,True,2.88,0.35,SAFE,
SIM_001838,unflued_combustion,True,0.68,0.35,SAFE,
SIM_001839,electric,False,0.36,0.35,SAFE,
SIM_001840,flued_stove,False,2.73,0.35,SAFE,
SIM_001841,electric,False,3.14,0.35,SAFE,
SIM_001842,unflued_combustion,True,3.21,0.35,SAFE,
SIM_001843,flued_stove,False,4.29,0.35,SAFE,
SIM_001844,unflued_combustion,True,0.34,0.35,REFUSED,Ventilation 0.34 ACH is below the safe minimum (0.35 ACH) for an unflued combustion heater. Carbon monoxide asphyxiation risk. Increase ventilation to at least 0.35 ACH or specify a flued stove or electric heater.
SIM_001845,none,False,1.59,0.35,SAFE,
SIM_001846,electric,False,0.45,0.35,SAFE,
SIM_001847,unflued_combustion,True,0.71,0.35,SAFE,
SIM_001848,electric,False,2.83,0.35,SAFE,
SIM_001849,unflued_combustion,True,1.14,0.35,SAFE,
SIM_001850,flued_stove,False,2.81,0.35,SAFE,
SIM_001851,unflued_combustion,True,4.32,0.35,SAFE,
SIM_001852,electric,False,1.99,0.35,SAFE,
SIM_001853,flued_stove,False,4.1,0.35,SAFE,
SIM_001854,unflued_combustion,True,3.42,0.35,SAFE,
SIM_001855,flued_stove,False,0.17,0.35,SAFE,
SIM_001856,flued_stove,False,4.31,0.35,SAFE,
SIM_001857,unflued_combustion,True,2.82,0.35,SAFE,
SIM_001858,none,False,2.75,0.35,SAFE,
SIM_001859,flued_stove,False,0.28,0.35,SAFE,
SIM_001860,electric,False,2.59,0.35,SAFE,
SIM_001861,electric,False,0.52,0.35,SAFE,
SIM_001862,electric,False,0.13,0.35,SAFE,
SIM_001863,electric,False,2.61,0.35,SAFE,
SIM_001864,none,False,3.67,0.35,SAFE,
SIM_001865,electric,False,1.09,0.35,SAFE,
SIM_001866,electric,False,1.35,0.35,SAFE,
SIM_001867,unflued_combustion,True,0.27,0.35,REFUSED,Ventilation 0.27 ACH is below the safe minimum (0.35 ACH) for an unflued combustion heater. Carbon monoxide asphyxiation risk. Increase ventilation to at least 0.35 ACH or specify a flued stove or electric heater.
SIM_001868,flued_stove,False,1.38,0.35,SAFE,
SIM_001869,none,False,3.83,0.35,SAFE,
SIM_001870,unflued_combustion,True,2.37,0.35,SAFE,
SIM_001871,flued_stove,False,0.86,0.35,SAFE,
SIM_001872,unflued_combustion,True,3.35,0.35,SAFE,
SIM_001873,electric,False,1.96,0.35,SAFE,
SIM_001874,flued_stove,False,2.98,0.35,SAFE,
SIM_001875,electric,False,0.96,0.35,SAFE,
SIM_001876,electric,False,2.19,0.35,SAFE,
SIM_001877,none,False,2.41,0.35,SAFE,
SIM_001878,electric,False,1.4,0.35,SAFE,
SIM_001879,flued_stove,False,3.87,0.35,SAFE,
SIM_001880,electric,False,3.69,0.35,SAFE,
SIM_001881,electric,False,1.95,0.35,SAFE,
SIM_001882,unflued_combustion,True,3.83,0.35,SAFE,
SIM_001883,flued_stove,False,3.06,0.35,SAFE,
SIM_001884,unflued_combustion,True,2.58,0.35,SAFE,
SIM_001885,flued_stove,False,3.75,0.35,SAFE,
SIM_001886,unflued_combustion,True,0.69,0.35,SAFE,
SIM_001887,none,False,2.43,0.35,SAFE,
SIM_001888,none,False,4.12,0.35,SAFE,
SIM_001889,unflued_combustion,True,2.78,0.35,SAFE,
SIM_001890,none,False,0.57,0.35,SAFE,
SIM_001891,none,False,2.97,0.35,SAFE,
SIM_001892,electric,False,2.07,0.35,SAFE,
SIM_001893,unflued_combustion,True,0.65,0.35,SAFE,
SIM_001894,none,False,1.65,0.35,SAFE,
SIM_001895,unflued_combustion,True,4.01,0.35,SAFE,
SIM_001896,none,False,3.7,0.35,SAFE,
SIM_001897,flued_stove,False,2.56,0.35,SAFE,
SIM_001898,electric,False,0.28,0.35,SAFE,
SIM_001899,flued_stove,False,4.02,0.35,SAFE,
SIM_001900,flued_stove,False,2.33,0.35,SAFE,
SIM_001901,none,False,4.31,0.35,SAFE,
SIM_001902,flued_stove,False,4.46,0.35,SAFE,
SIM_001903,electric,False,1.09,0.35,SAFE,
SIM_001904,electric,False,3.16,0.35,SAFE,
SIM_001905,electric,False,2.68,0.35,SAFE,
SIM_001906,unflued_combustion,True,0.81,0.35,SAFE,
SIM_001907,flued_stove,False,3.26,0.35,SAFE,
SIM_001908,flued_stove,False,3.95,0.35,SAFE,
SIM_001909,flued_stove,False,0.59,0.35,SAFE,
SIM_001910,unflued_combustion,True,1.86,0.35,SAFE,
SIM_001911,unflued_combustion,True,3.33,0.35,SAFE,
SIM_001912,flued_stove,False,1.59,0.35,SAFE,
SIM_001913,flued_stove,False,3.41,0.35,SAFE,
SIM_001914,electric,False,0.25,0.35,SAFE,
SIM_001915,electric,False,2.5,0.35,SAFE,
SIM_001916,electric,False,2.6,0.35,SAFE,
SIM_001917,none,False,0.17,0.35,SAFE,
SIM_001918,none,False,0.53,0.35,SAFE,
SIM_001919,unflued_combustion,True,3.0,0.35,SAFE,
SIM_001920,none,False,1.44,0.35,SAFE,
SIM_001921,electric,False,0.62,0.35,SAFE,
SIM_001922,electric,False,2.19,0.35,SAFE,
SIM_001923,electric,False,0.86,0.35,SAFE,
SIM_001924,flued_stove,False,2.13,0.35,SAFE,
SIM_001925,electric,False,2.61,0.35,SAFE,
SIM_001926,none,False,1.91,0.35,SAFE,
SIM_001927,flued_stove,False,2.42,0.35,SAFE,
SIM_001928,flued_stove,False,0.14,0.35,SAFE,
SIM_001929,unflued_combustion,True,0.64,0.35,SAFE,
SIM_001930,electric,False,2.47,0.35,SAFE,
SIM_001931,flued_stove,False,0.45,0.35,SAFE,
SIM_001932,unflued_combustion,True,2.88,0.35,SAFE,
SIM_001933,none,False,2.05,0.35,SAFE,
SIM_001934,electric,False,1.16,0.35,SAFE,
SIM_001935,flued_stove,False,0.43,0.35,SAFE,
SIM_001936,unflued_combustion,True,1.82,0.35,SAFE,
SIM_001937,unflued_combustion,True,4.19,0.35,SAFE,
SIM_001938,unflued_combustion,True,1.12,0.35,SAFE,
SIM_001939,none,False,1.46,0.35,SAFE,
SIM_001940,flued_stove,False,1.9,0.35,SAFE,
SIM_001941,none,False,4.03,0.35,SAFE,
SIM_001942,none,False,2.61,0.35,SAFE,
SIM_001943,none,False,0.65,0.35,SAFE,
SIM_001944,unflued_combustion,True,0.59,0.35,SAFE,
SIM_001945,flued_stove,False,2.93,0.35,SAFE,
SIM_001946,none,False,0.98,0.35,SAFE,
SIM_001947,flued_stove,False,2.56,0.35,SAFE,
SIM_001948,flued_stove,False,3.73,0.35,SAFE,
SIM_001949,electric,False,4.4,0.35,SAFE,
SIM_001950,flued_stove,False,1.61,0.35,SAFE,
SIM_001951,none,False,3.3,0.35,SAFE,
SIM_001952,flued_stove,False,1.8,0.35,SAFE,
SIM_001953,unflued_combustion,True,0.53,0.35,SAFE,
SIM_001954,flued_stove,False,2.67,0.35,SAFE,
SIM_001955,none,False,1.7,0.35,SAFE,
SIM_001956,electric,False,2.11,0.35,SAFE,
SIM_001957,flued_stove,False,1.04,0.35,SAFE,
SIM_001958,flued_stove,False,1.44,0.35,SAFE,
SIM_001959,electric,False,3.53,0.35,SAFE,
SIM_001960,none,False,0.82,0.35,SAFE,
SIM_001961,none,False,3.09,0.35,SAFE,
SIM_001962,electric,False,0.46,0.35,SAFE,
SIM_001963,flued_stove,False,0.97,0.35,SAFE,
SIM_001964,none,False,0.11,0.35,SAFE,
SIM_001965,flued_stove,False,1.81,0.35,SAFE,
SIM_001966,unflued_combustion,True,2.46,0.35,SAFE,
SIM_001967,electric,False,3.48,0.35,SAFE,
SIM_001968,electric,False,1.56,0.35,SAFE,
SIM_001969,unflued_combustion,True,1.62,0.35,SAFE,
SIM_001970,flued_stove,False,3.54,0.35,SAFE,
SIM_001971,flued_stove,False,0.66,0.35,SAFE,
SIM_001972,flued_stove,False,3.9,0.35,SAFE,
SIM_001973,flued_stove,False,1.44,0.35,SAFE,
SIM_001974,unflued_combustion,True,4.2,0.35,SAFE,
SIM_001975,none,False,3.3,0.35,SAFE,
SIM_001976,flued_stove,False,1.99,0.35,SAFE,
SIM_001977,electric,False,2.51,0.35,SAFE,
SIM_001978,flued_stove,False,3.33,0.35,SAFE,
SIM_001979,flued_stove,False,2.98,0.35,SAFE,
SIM_001980,none,False,1.03,0.35,SAFE,
SIM_001981,unflued_combustion,True,0.73,0.35,SAFE,
SIM_001982,flued_stove,False,1.28,0.35,SAFE,
SIM_001983,none,False,3.83,0.35,SAFE,
SIM_001984,unflued_combustion,True,0.33,0.35,REFUSED,Ventilation 0.33 ACH is below the safe minimum (0.35 ACH) for an unflued combustion heater. Carbon monoxide asphyxiation risk. Increase ventilation to at least 0.35 ACH or specify a flued stove or electric heater.
SIM_001985,none,False,4.19,0.35,SAFE,
SIM_001986,flued_stove,False,1.91,0.35,SAFE,
SIM_001987,electric,False,4.06,0.35,SAFE,
SIM_001988,none,False,0.59,0.35,SAFE,
SIM_001989,unflued_combustion,True,4.24,0.35,SAFE,
SIM_001990,flued_stove,False,0.42,0.35,SAFE,
SIM_001991,none,False,1.25,0.35,SAFE,
SIM_001992,electric,False,1.27,0.35,SAFE,
SIM_001993,electric,False,1.99,0.35,SAFE,
SIM_001994,flued_stove,False,2.51,0.35,SAFE,
SIM_001995,electric,False,3.86,0.35,SAFE,
SIM_001996,flued_stove,False,4.09,0.35,SAFE,
SIM_001997,electric,False,2.38,0.35,SAFE,
SIM_001998,unflued_combustion,True,1.85,0.35,SAFE,
SIM_001999,flued_stove,False,2.11,0.35,SAFE,
SIM_002000,electric,False,3.57,0.35,SAFE,
SIM_002001,unflued_combustion,True,2.72,0.35,SAFE,
SIM_002002,electric,False,1.14,0.35,SAFE,
SIM_002003,none,False,2.88,0.35,SAFE,
SIM_002004,electric,False,2.09,0.35,SAFE,
SIM_002005,unflued_combustion,True,1.15,0.35,SAFE,
SIM_002006,electric,False,0.53,0.35,SAFE,
SIM_002007,unflued_combustion,True,4.08,0.35,SAFE,
SIM_002008,none,False,2.41,0.35,SAFE,
SIM_002009,flued_stove,False,2.48,0.35,SAFE,
SIM_002010,electric,False,2.65,0.35,SAFE,
SIM_002011,flued_stove,False,2.12,0.35,SAFE,
SIM_002012,none,False,0.89,0.35,SAFE,
SIM_002013,electric,False,0.16,0.35,SAFE,
SIM_002014,unflued_combustion,True,3.29,0.35,SAFE,
SIM_002015,unflued_combustion,True,0.49,0.35,SAFE,
SIM_002016,unflued_combustion,True,2.5,0.35,SAFE,
SIM_002017,unflued_combustion,True,3.97,0.35,SAFE,
SIM_002018,unflued_combustion,True,2.94,0.35,SAFE,
SIM_002019,none,False,0.6,0.35,SAFE,
SIM_002020,flued_stove,False,1.56,0.35,SAFE,
SIM_002021,electric,False,3.56,0.35,SAFE,
SIM_002022,none,False,4.36,0.35,SAFE,
SIM_002023,flued_stove,False,1.49,0.35,SAFE,
SIM_002024,flued_stove,False,2.64,0.35,SAFE,
SIM_002025,none,False,4.42,0.35,SAFE,
SIM_002026,unflued_combustion,True,3.65,0.35,SAFE,
SIM_002027,flued_stove,False,2.4,0.35,SAFE,
SIM_002028,flued_stove,False,1.58,0.35,SAFE,
SIM_002029,flued_stove,False,4.1,0.35,SAFE,
SIM_002030,none,False,1.01,0.35,SAFE,
SIM_002031,none,False,0.16,0.35,SAFE,
SIM_002032,unflued_combustion,True,0.74,0.35,SAFE,
SIM_002033,none,False,3.62,0.35,SAFE,
SIM_002034,none,False,1.43,0.35,SAFE,
SIM_002035,flued_stove,False,1.04,0.35,SAFE,
SIM_002036,none,False,1.1,0.35,SAFE,
SIM_002037,unflued_combustion,True,1.65,0.35,SAFE,
SIM_002038,none,False,2.88,0.35,SAFE,
SIM_002039,unflued_combustion,True,3.69,0.35,SAFE,
SIM_002040,none,False,0.42,0.35,SAFE,
SIM_002041,flued_stove,False,4.05,0.35,SAFE,
SIM_002042,none,False,2.7,0.35,SAFE,
SIM_002043,none,False,3.47,0.35,SAFE,
SIM_002044,unflued_combustion,True,0.81,0.35,SAFE,
SIM_002045,unflued_combustion,True,1.36,0.35,SAFE,
SIM_002046,unflued_combustion,True,3.97,0.35,SAFE,
SIM_002047,electric,False,3.01,0.35,SAFE,
SIM_002048,unflued_combustion,True,2.32,0.35,SAFE,
SIM_002049,unflued_combustion,True,2.49,0.35,SAFE,
SIM_002050,electric,False,4.23,0.35,SAFE,
SIM_002051,electric,False,2.27,0.35,SAFE,
SIM_002052,electric,False,1.33,0.35,SAFE,
SIM_002053,electric,False,3.62,0.35,SAFE,
SIM_002054,unflued_combustion,True,3.71,0.35,SAFE,
SIM_002055,none,False,3.19,0.35,SAFE,
SIM_002056,none,False,2.44,0.35,SAFE,
SIM_002057,electric,False,4.38,0.35,SAFE,
SIM_002058,none,False,1.78,0.35,SAFE,
SIM_002059,none,False,1.86,0.35,SAFE,
SIM_002060,electric,False,0.93,0.35,SAFE,
SIM_002061,flued_stove,False,3.25,0.35,SAFE,
SIM_002062,none,False,2.07,0.35,SAFE,
SIM_002063,none,False,0.62,0.35,SAFE,
SIM_002064,unflued_combustion,True,0.41,0.35,SAFE,
SIM_002065,flued_stove,False,2.86,0.35,SAFE,
SIM_002066,flued_stove,False,1.3,0.35,SAFE,
SIM_002067,none,False,1.11,0.35,SAFE,
SIM_002068,electric,False,3.64,0.35,SAFE,
SIM_002069,flued_stove,False,2.15,0.35,SAFE,
SIM_002070,none,False,3.85,0.35,SAFE,
SIM_002071,unflued_combustion,True,1.36,0.35,SAFE,
SIM_002072,electric,False,1.32,0.35,SAFE,
SIM_002073,none,False,0.32,0.35,SAFE,
SIM_002074,electric,False,2.67,0.35,SAFE,
SIM_002075,flued_stove,False,4.0,0.35,SAFE,
SIM_002076,electric,False,2.3,0.35,SAFE,
SIM_002077,electric,False,0.92,0.35,SAFE,
SIM_002078,flued_stove,False,3.43,0.35,SAFE,
SIM_002079,unflued_combustion,True,3.56,0.35,SAFE,
SIM_002080,unflued_combustion,True,2.21,0.35,SAFE,
SIM_002081,flued_stove,False,2.17,0.35,SAFE,
SIM_002082,electric,False,1.09,0.35,SAFE,
SIM_002083,flued_stove,False,2.18,0.35,SAFE,
SIM_002084,none,False,1.49,0.35,SAFE,
SIM_002085,flued_stove,False,4.4,0.35,SAFE,
SIM_002086,unflued_combustion,True,2.16,0.35,SAFE,
SIM_002087,unflued_combustion,True,0.58,0.35,SAFE,
SIM_002088,flued_stove,False,0.58,0.35,SAFE,
SIM_002089,flued_stove,False,2.52,0.35,SAFE,
SIM_002090,flued_stove,False,2.82,0.35,SAFE,
SIM_002091,flued_stove,False,1.97,0.35,SAFE,
SIM_002092,flued_stove,False,3.98,0.35,SAFE,
SIM_002093,electric,False,4.06,0.35,SAFE,
SIM_002094,none,False,2.21,0.35,SAFE,
SIM_002095,electric,False,1.61,0.35,SAFE,
SIM_002096,unflued_combustion,True,3.74,0.35,SAFE,
SIM_002097,flued_stove,False,2.28,0.35,SAFE,
SIM_002098,unflued_combustion,True,2.46,0.35,SAFE,
SIM_002099,flued_stove,False,1.96,0.35,SAFE,
SIM_002100,unflued_combustion,True,4.35,0.35,SAFE,
